ISO-10303-21;
HEADER;
/* Generated by software containing ST-Developer
 * from STEP Tools, Inc. (www.steptools.com) 
 */

FILE_DESCRIPTION(
/* description */ (''),
/* implementation_level */ '2;1');

FILE_NAME(
/* name */ 'Case v3.step',
/* time_stamp */ '2026-10-05T16:48:35-04:00',
/* author */ (''),
/* organization */ (''),
/* preprocessor_version */ 'ST-DEVELOPER v20.1',
/* originating_system */ 'Autodesk Translation Framework v15.8.0.0',
/* authorisation */ '');

FILE_SCHEMA (('AUTOMOTIVE_DESIGN { 1 0 10303 214 3 1 1 }'));
ENDSEC;

DATA;
#10=MECHANICAL_DESIGN_GEOMETRIC_PRESENTATION_REPRESENTATION('',(#13,#14),
#5162);
#11=SHAPE_REPRESENTATION_RELATIONSHIP('SRR','None',#5168,#12);
#12=ADVANCED_BREP_SHAPE_REPRESENTATION('',(#15,#16),#5161);
#13=STYLED_ITEM('',(#5177),#15);
#14=STYLED_ITEM('',(#5177),#16);
#15=MANIFOLD_SOLID_BREP('Top plate',#3069);
#16=MANIFOLD_SOLID_BREP('Bottom Plate',#3070);
#17=(
BOUNDED_SURFACE()
B_SPLINE_SURFACE(3,1,((#4858,#4859),(#4860,#4861),(#4862,#4863),(#4864,
#4865)),.UNSPECIFIED.,.F.,.F.,.F.)
B_SPLINE_SURFACE_WITH_KNOTS((4,4),(2,2),(0.,1.),(0.,0.05),.UNSPECIFIED.)
GEOMETRIC_REPRESENTATION_ITEM()
RATIONAL_B_SPLINE_SURFACE(((1.,1.),(1.,1.),(1.,1.),(1.,1.)))
REPRESENTATION_ITEM('')
SURFACE()
);
#18=(
BOUNDED_SURFACE()
B_SPLINE_SURFACE(3,1,((#4867,#4868),(#4869,#4870),(#4871,#4872),(#4873,
#4874)),.UNSPECIFIED.,.F.,.F.,.F.)
B_SPLINE_SURFACE_WITH_KNOTS((4,4),(2,2),(0.,1.),(0.,0.05),.UNSPECIFIED.)
GEOMETRIC_REPRESENTATION_ITEM()
RATIONAL_B_SPLINE_SURFACE(((1.,1.),(1.,1.),(1.,1.),(1.,1.)))
REPRESENTATION_ITEM('')
SURFACE()
);
#19=(
BOUNDED_SURFACE()
B_SPLINE_SURFACE(3,1,((#4876,#4877),(#4878,#4879),(#4880,#4881),(#4882,
#4883)),.UNSPECIFIED.,.F.,.F.,.F.)
B_SPLINE_SURFACE_WITH_KNOTS((4,4),(2,2),(0.,1.),(0.,0.05),.UNSPECIFIED.)
GEOMETRIC_REPRESENTATION_ITEM()
RATIONAL_B_SPLINE_SURFACE(((1.,1.),(1.,1.),(1.,1.),(1.,1.)))
REPRESENTATION_ITEM('')
SURFACE()
);
#20=(
BOUNDED_SURFACE()
B_SPLINE_SURFACE(3,1,((#4885,#4886),(#4887,#4888),(#4889,#4890),(#4891,
#4892)),.UNSPECIFIED.,.F.,.F.,.F.)
B_SPLINE_SURFACE_WITH_KNOTS((4,4),(2,2),(0.,1.),(0.,0.05),.UNSPECIFIED.)
GEOMETRIC_REPRESENTATION_ITEM()
RATIONAL_B_SPLINE_SURFACE(((1.,1.),(1.,1.),(1.,1.),(1.,1.)))
REPRESENTATION_ITEM('')
SURFACE()
);
#21=(
BOUNDED_SURFACE()
B_SPLINE_SURFACE(3,1,((#4921,#4922),(#4923,#4924),(#4925,#4926),(#4927,
#4928)),.UNSPECIFIED.,.F.,.F.,.F.)
B_SPLINE_SURFACE_WITH_KNOTS((4,4),(2,2),(0.,1.),(0.,0.05),.UNSPECIFIED.)
GEOMETRIC_REPRESENTATION_ITEM()
RATIONAL_B_SPLINE_SURFACE(((1.,1.),(1.,1.),(1.,1.),(1.,1.)))
REPRESENTATION_ITEM('')
SURFACE()
);
#22=(
BOUNDED_SURFACE()
B_SPLINE_SURFACE(3,1,((#4937,#4938),(#4939,#4940),(#4941,#4942),(#4943,
#4944)),.UNSPECIFIED.,.F.,.F.,.F.)
B_SPLINE_SURFACE_WITH_KNOTS((4,4),(2,2),(0.,1.),(0.,0.05),.UNSPECIFIED.)
GEOMETRIC_REPRESENTATION_ITEM()
RATIONAL_B_SPLINE_SURFACE(((1.,1.),(1.,1.),(1.,1.),(1.,1.)))
REPRESENTATION_ITEM('')
SURFACE()
);
#23=(
BOUNDED_SURFACE()
B_SPLINE_SURFACE(3,1,((#4946,#4947),(#4948,#4949),(#4950,#4951),(#4952,
#4953)),.UNSPECIFIED.,.F.,.F.,.F.)
B_SPLINE_SURFACE_WITH_KNOTS((4,4),(2,2),(0.,1.),(0.,0.05),.UNSPECIFIED.)
GEOMETRIC_REPRESENTATION_ITEM()
RATIONAL_B_SPLINE_SURFACE(((1.,1.),(1.,1.),(1.,1.),(1.,1.)))
REPRESENTATION_ITEM('')
SURFACE()
);
#24=(
BOUNDED_SURFACE()
B_SPLINE_SURFACE(3,1,((#4979,#4980),(#4981,#4982),(#4983,#4984),(#4985,
#4986)),.UNSPECIFIED.,.F.,.F.,.F.)
B_SPLINE_SURFACE_WITH_KNOTS((4,4),(2,2),(0.,1.),(0.,0.05),.UNSPECIFIED.)
GEOMETRIC_REPRESENTATION_ITEM()
RATIONAL_B_SPLINE_SURFACE(((1.,1.),(1.,1.),(1.,1.),(1.,1.)))
REPRESENTATION_ITEM('')
SURFACE()
);
#25=(
BOUNDED_SURFACE()
B_SPLINE_SURFACE(3,1,((#4988,#4989),(#4990,#4991),(#4992,#4993),(#4994,
#4995)),.UNSPECIFIED.,.F.,.F.,.F.)
B_SPLINE_SURFACE_WITH_KNOTS((4,4),(2,2),(0.,1.),(0.,0.05),.UNSPECIFIED.)
GEOMETRIC_REPRESENTATION_ITEM()
RATIONAL_B_SPLINE_SURFACE(((1.,1.),(1.,1.),(1.,1.),(1.,1.)))
REPRESENTATION_ITEM('')
SURFACE()
);
#26=(
BOUNDED_SURFACE()
B_SPLINE_SURFACE(3,1,((#4997,#4998),(#4999,#5000),(#5001,#5002),(#5003,
#5004)),.UNSPECIFIED.,.F.,.F.,.F.)
B_SPLINE_SURFACE_WITH_KNOTS((4,4),(2,2),(0.,1.),(0.,0.05),.UNSPECIFIED.)
GEOMETRIC_REPRESENTATION_ITEM()
RATIONAL_B_SPLINE_SURFACE(((1.,1.),(1.,1.),(1.,1.),(1.,1.)))
REPRESENTATION_ITEM('')
SURFACE()
);
#27=(
BOUNDED_CURVE()
B_SPLINE_CURVE(3,(#4736,#4737,#4738,#4739),.UNSPECIFIED.,.F.,.F.)
B_SPLINE_CURVE_WITH_KNOTS((4,4),(0.,1.),.UNSPECIFIED.)
CURVE()
GEOMETRIC_REPRESENTATION_ITEM()
RATIONAL_B_SPLINE_CURVE((1.,1.,1.,1.))
REPRESENTATION_ITEM('')
);
#28=(
BOUNDED_CURVE()
B_SPLINE_CURVE(3,(#4741,#4742,#4743,#4744),.UNSPECIFIED.,.F.,.F.)
B_SPLINE_CURVE_WITH_KNOTS((4,4),(0.,1.),.UNSPECIFIED.)
CURVE()
GEOMETRIC_REPRESENTATION_ITEM()
RATIONAL_B_SPLINE_CURVE((1.,1.,1.,1.))
REPRESENTATION_ITEM('')
);
#29=(
BOUNDED_CURVE()
B_SPLINE_CURVE(3,(#4746,#4747,#4748,#4749),.UNSPECIFIED.,.F.,.F.)
B_SPLINE_CURVE_WITH_KNOTS((4,4),(0.,1.),.UNSPECIFIED.)
CURVE()
GEOMETRIC_REPRESENTATION_ITEM()
RATIONAL_B_SPLINE_CURVE((1.,1.,1.,1.))
REPRESENTATION_ITEM('')
);
#30=(
BOUNDED_CURVE()
B_SPLINE_CURVE(3,(#4751,#4752,#4753,#4754),.UNSPECIFIED.,.F.,.F.)
B_SPLINE_CURVE_WITH_KNOTS((4,4),(0.,1.),.UNSPECIFIED.)
CURVE()
GEOMETRIC_REPRESENTATION_ITEM()
RATIONAL_B_SPLINE_CURVE((1.,1.,1.,1.))
REPRESENTATION_ITEM('')
);
#31=(
BOUNDED_CURVE()
B_SPLINE_CURVE(3,(#4760,#4761,#4762,#4763),.UNSPECIFIED.,.F.,.F.)
B_SPLINE_CURVE_WITH_KNOTS((4,4),(0.,1.),.UNSPECIFIED.)
CURVE()
GEOMETRIC_REPRESENTATION_ITEM()
RATIONAL_B_SPLINE_CURVE((1.,1.,1.,1.))
REPRESENTATION_ITEM('')
);
#32=(
BOUNDED_CURVE()
B_SPLINE_CURVE(3,(#4765,#4766,#4767,#4768),.UNSPECIFIED.,.F.,.F.)
B_SPLINE_CURVE_WITH_KNOTS((4,4),(0.,1.),.UNSPECIFIED.)
CURVE()
GEOMETRIC_REPRESENTATION_ITEM()
RATIONAL_B_SPLINE_CURVE((1.,1.,1.,1.))
REPRESENTATION_ITEM('')
);
#33=(
BOUNDED_CURVE()
B_SPLINE_CURVE(3,(#4775,#4776,#4777,#4778),.UNSPECIFIED.,.F.,.F.)
B_SPLINE_CURVE_WITH_KNOTS((4,4),(0.,1.),.UNSPECIFIED.)
CURVE()
GEOMETRIC_REPRESENTATION_ITEM()
RATIONAL_B_SPLINE_CURVE((1.,1.,1.,1.))
REPRESENTATION_ITEM('')
);
#34=(
BOUNDED_CURVE()
B_SPLINE_CURVE(3,(#4785,#4786,#4787,#4788),.UNSPECIFIED.,.F.,.F.)
B_SPLINE_CURVE_WITH_KNOTS((4,4),(0.,1.),.UNSPECIFIED.)
CURVE()
GEOMETRIC_REPRESENTATION_ITEM()
RATIONAL_B_SPLINE_CURVE((1.,1.,1.,1.))
REPRESENTATION_ITEM('')
);
#35=(
BOUNDED_CURVE()
B_SPLINE_CURVE(3,(#4790,#4791,#4792,#4793),.UNSPECIFIED.,.F.,.F.)
B_SPLINE_CURVE_WITH_KNOTS((4,4),(0.,1.),.UNSPECIFIED.)
CURVE()
GEOMETRIC_REPRESENTATION_ITEM()
RATIONAL_B_SPLINE_CURVE((1.,1.,1.,1.))
REPRESENTATION_ITEM('')
);
#36=(
BOUNDED_CURVE()
B_SPLINE_CURVE(3,(#4795,#4796,#4797,#4798),.UNSPECIFIED.,.F.,.F.)
B_SPLINE_CURVE_WITH_KNOTS((4,4),(0.,1.),.UNSPECIFIED.)
CURVE()
GEOMETRIC_REPRESENTATION_ITEM()
RATIONAL_B_SPLINE_CURVE((1.,1.,1.,1.))
REPRESENTATION_ITEM('')
);
#37=(
BOUNDED_CURVE()
B_SPLINE_CURVE(3,(#4837,#4838,#4839,#4840),.UNSPECIFIED.,.F.,.F.)
B_SPLINE_CURVE_WITH_KNOTS((4,4),(0.,1.),.UNSPECIFIED.)
CURVE()
GEOMETRIC_REPRESENTATION_ITEM()
RATIONAL_B_SPLINE_CURVE((1.,1.,1.,1.))
REPRESENTATION_ITEM('')
);
#38=(
BOUNDED_CURVE()
B_SPLINE_CURVE(3,(#4842,#4843,#4844,#4845),.UNSPECIFIED.,.F.,.F.)
B_SPLINE_CURVE_WITH_KNOTS((4,4),(0.,1.),.UNSPECIFIED.)
CURVE()
GEOMETRIC_REPRESENTATION_ITEM()
RATIONAL_B_SPLINE_CURVE((1.,1.,1.,1.))
REPRESENTATION_ITEM('')
);
#39=(
BOUNDED_CURVE()
B_SPLINE_CURVE(3,(#4847,#4848,#4849,#4850),.UNSPECIFIED.,.F.,.F.)
B_SPLINE_CURVE_WITH_KNOTS((4,4),(0.,1.),.UNSPECIFIED.)
CURVE()
GEOMETRIC_REPRESENTATION_ITEM()
RATIONAL_B_SPLINE_CURVE((1.,1.,1.,1.))
REPRESENTATION_ITEM('')
);
#40=(
BOUNDED_CURVE()
B_SPLINE_CURVE(3,(#4851,#4852,#4853,#4854),.UNSPECIFIED.,.F.,.F.)
B_SPLINE_CURVE_WITH_KNOTS((4,4),(0.,1.),.UNSPECIFIED.)
CURVE()
GEOMETRIC_REPRESENTATION_ITEM()
RATIONAL_B_SPLINE_CURVE((1.,1.,1.,1.))
REPRESENTATION_ITEM('')
);
#41=(
BOUNDED_CURVE()
B_SPLINE_CURVE(3,(#4902,#4903,#4904,#4905),.UNSPECIFIED.,.F.,.F.)
B_SPLINE_CURVE_WITH_KNOTS((4,4),(0.,1.),.UNSPECIFIED.)
CURVE()
GEOMETRIC_REPRESENTATION_ITEM()
RATIONAL_B_SPLINE_CURVE((1.,1.,1.,1.))
REPRESENTATION_ITEM('')
);
#42=(
BOUNDED_CURVE()
B_SPLINE_CURVE(3,(#4907,#4908,#4909,#4910),.UNSPECIFIED.,.F.,.F.)
B_SPLINE_CURVE_WITH_KNOTS((4,4),(0.,1.),.UNSPECIFIED.)
CURVE()
GEOMETRIC_REPRESENTATION_ITEM()
RATIONAL_B_SPLINE_CURVE((1.,1.,1.,1.))
REPRESENTATION_ITEM('')
);
#43=(
BOUNDED_CURVE()
B_SPLINE_CURVE(3,(#4912,#4913,#4914,#4915),.UNSPECIFIED.,.F.,.F.)
B_SPLINE_CURVE_WITH_KNOTS((4,4),(0.,1.),.UNSPECIFIED.)
CURVE()
GEOMETRIC_REPRESENTATION_ITEM()
RATIONAL_B_SPLINE_CURVE((1.,1.,1.,1.))
REPRESENTATION_ITEM('')
);
#44=(
BOUNDED_CURVE()
B_SPLINE_CURVE(3,(#4963,#4964,#4965,#4966),.UNSPECIFIED.,.F.,.F.)
B_SPLINE_CURVE_WITH_KNOTS((4,4),(0.,1.),.UNSPECIFIED.)
CURVE()
GEOMETRIC_REPRESENTATION_ITEM()
RATIONAL_B_SPLINE_CURVE((1.,1.,1.,1.))
REPRESENTATION_ITEM('')
);
#45=(
BOUNDED_CURVE()
B_SPLINE_CURVE(3,(#4968,#4969,#4970,#4971),.UNSPECIFIED.,.F.,.F.)
B_SPLINE_CURVE_WITH_KNOTS((4,4),(0.,1.),.UNSPECIFIED.)
CURVE()
GEOMETRIC_REPRESENTATION_ITEM()
RATIONAL_B_SPLINE_CURVE((1.,1.,1.,1.))
REPRESENTATION_ITEM('')
);
#46=(
BOUNDED_CURVE()
B_SPLINE_CURVE(3,(#4972,#4973,#4974,#4975),.UNSPECIFIED.,.F.,.F.)
B_SPLINE_CURVE_WITH_KNOTS((4,4),(0.,1.),.UNSPECIFIED.)
CURVE()
GEOMETRIC_REPRESENTATION_ITEM()
RATIONAL_B_SPLINE_CURVE((1.,1.,1.,1.))
REPRESENTATION_ITEM('')
);
#47=FACE_BOUND('',#419,.T.);
#48=FACE_BOUND('',#420,.T.);
#49=FACE_BOUND('',#421,.T.);
#50=FACE_BOUND('',#422,.T.);
#51=FACE_BOUND('',#423,.T.);
#52=FACE_BOUND('',#425,.T.);
#53=FACE_BOUND('',#426,.T.);
#54=FACE_BOUND('',#427,.T.);
#55=FACE_BOUND('',#428,.T.);
#56=FACE_BOUND('',#429,.T.);
#57=FACE_BOUND('',#430,.T.);
#58=FACE_BOUND('',#431,.T.);
#59=FACE_BOUND('',#432,.T.);
#60=FACE_BOUND('',#433,.T.);
#61=FACE_BOUND('',#434,.T.);
#62=FACE_BOUND('',#435,.T.);
#63=FACE_BOUND('',#522,.T.);
#64=FACE_BOUND('',#523,.T.);
#65=FACE_BOUND('',#524,.T.);
#66=FACE_BOUND('',#525,.T.);
#67=FACE_BOUND('',#526,.T.);
#68=FACE_BOUND('',#527,.T.);
#69=FACE_BOUND('',#528,.T.);
#70=FACE_BOUND('',#529,.T.);
#71=FACE_BOUND('',#530,.T.);
#72=FACE_BOUND('',#531,.T.);
#73=FACE_BOUND('',#532,.T.);
#74=FACE_BOUND('',#533,.T.);
#75=FACE_BOUND('',#534,.T.);
#76=FACE_BOUND('',#535,.T.);
#77=FACE_BOUND('',#539,.T.);
#78=FACE_BOUND('',#540,.T.);
#79=FACE_BOUND('',#541,.T.);
#80=FACE_BOUND('',#542,.T.);
#81=FACE_BOUND('',#543,.T.);
#82=FACE_BOUND('',#578,.T.);
#83=FACE_BOUND('',#579,.T.);
#84=FACE_BOUND('',#580,.T.);
#85=FACE_BOUND('',#581,.T.);
#86=FACE_BOUND('',#582,.T.);
#87=FACE_BOUND('',#588,.T.);
#88=FACE_BOUND('',#597,.T.);
#89=FACE_BOUND('',#598,.T.);
#90=FACE_BOUND('',#599,.T.);
#91=FACE_BOUND('',#600,.T.);
#92=CIRCLE('',#3075,3.);
#93=CIRCLE('',#3076,3.);
#94=CIRCLE('',#3079,3.);
#95=CIRCLE('',#3080,3.);
#96=CIRCLE('',#3082,3.);
#97=CIRCLE('',#3083,3.);
#98=CIRCLE('',#3084,1.45);
#99=CIRCLE('',#3085,1.45);
#100=CIRCLE('',#3086,1.45);
#101=CIRCLE('',#3087,1.45);
#102=CIRCLE('',#3089,0.499999999999998);
#103=CIRCLE('',#3090,0.499999999999998);
#104=CIRCLE('',#3091,0.499999999999998);
#105=CIRCLE('',#3092,0.499999999999998);
#106=CIRCLE('',#3093,0.499999999999998);
#107=CIRCLE('',#3094,0.5);
#108=CIRCLE('',#3095,0.499999999999998);
#109=CIRCLE('',#3096,0.5);
#110=CIRCLE('',#3097,0.499999999999998);
#111=CIRCLE('',#3098,0.499999999999998);
#112=CIRCLE('',#3099,0.499999999999998);
#113=CIRCLE('',#3100,0.499999999999998);
#114=CIRCLE('',#3101,0.499999999999998);
#115=CIRCLE('',#3102,0.499999999999998);
#116=CIRCLE('',#3103,0.499999999999998);
#117=CIRCLE('',#3104,0.499999999999998);
#118=CIRCLE('',#3105,0.499999999999998);
#119=CIRCLE('',#3106,0.5);
#120=CIRCLE('',#3107,0.499999999999998);
#121=CIRCLE('',#3108,0.5);
#122=CIRCLE('',#3109,0.499999999999998);
#123=CIRCLE('',#3110,0.499999999999998);
#124=CIRCLE('',#3111,0.499999999999998);
#125=CIRCLE('',#3112,0.499999999999998);
#126=CIRCLE('',#3113,0.499999999999998);
#127=CIRCLE('',#3114,0.499999999999998);
#128=CIRCLE('',#3115,0.499999999999998);
#129=CIRCLE('',#3116,0.499999999999998);
#130=CIRCLE('',#3117,0.499999999999998);
#131=CIRCLE('',#3118,0.5);
#132=CIRCLE('',#3119,0.499999999999998);
#133=CIRCLE('',#3120,0.5);
#134=CIRCLE('',#3121,0.499999999999998);
#135=CIRCLE('',#3122,0.499999999999998);
#136=CIRCLE('',#3123,0.499999999999998);
#137=CIRCLE('',#3124,0.499999999999998);
#138=CIRCLE('',#3125,0.5);
#139=CIRCLE('',#3126,0.499999999999998);
#140=CIRCLE('',#3127,0.5);
#141=CIRCLE('',#3128,0.499999999999998);
#142=CIRCLE('',#3131,0.499999999999998);
#143=CIRCLE('',#3134,0.499999999999998);
#144=CIRCLE('',#3137,0.499999999999998);
#145=CIRCLE('',#3140,0.499999999999998);
#146=CIRCLE('',#3143,0.499999999999998);
#147=CIRCLE('',#3146,0.5);
#148=CIRCLE('',#3149,0.499999999999998);
#149=CIRCLE('',#3152,0.5);
#150=CIRCLE('',#3155,0.499999999999998);
#151=CIRCLE('',#3158,0.499999999999998);
#152=CIRCLE('',#3161,0.499999999999998);
#153=CIRCLE('',#3164,0.499999999999998);
#154=CIRCLE('',#3167,0.499999999999998);
#155=CIRCLE('',#3170,0.499999999999998);
#156=CIRCLE('',#3173,0.499999999999998);
#157=CIRCLE('',#3176,0.499999999999998);
#158=CIRCLE('',#3179,0.499999999999998);
#159=CIRCLE('',#3182,0.5);
#160=CIRCLE('',#3185,0.499999999999998);
#161=CIRCLE('',#3188,0.5);
#162=CIRCLE('',#3191,0.499999999999998);
#163=CIRCLE('',#3194,0.499999999999998);
#164=CIRCLE('',#3197,0.499999999999998);
#165=CIRCLE('',#3200,0.499999999999998);
#166=CIRCLE('',#3203,0.499999999999998);
#167=CIRCLE('',#3206,0.499999999999998);
#168=CIRCLE('',#3209,0.499999999999998);
#169=CIRCLE('',#3212,0.499999999999998);
#170=CIRCLE('',#3215,0.499999999999998);
#171=CIRCLE('',#3218,0.5);
#172=CIRCLE('',#3221,0.499999999999998);
#173=CIRCLE('',#3224,0.5);
#174=CIRCLE('',#3227,0.499999999999998);
#175=CIRCLE('',#3230,0.499999999999998);
#176=CIRCLE('',#3233,0.499999999999998);
#177=CIRCLE('',#3236,0.499999999999998);
#178=CIRCLE('',#3239,0.5);
#179=CIRCLE('',#3242,0.499999999999998);
#180=CIRCLE('',#3245,0.5);
#181=CIRCLE('',#3248,0.499999999999998);
#182=CIRCLE('',#3258,3.);
#183=CIRCLE('',#3259,3.);
#184=CIRCLE('',#3260,1.45);
#185=CIRCLE('',#3261,1.45);
#186=CIRCLE('',#3262,1.45);
#187=CIRCLE('',#3263,1.45);
#188=CIRCLE('',#3288,3.);
#189=CIRCLE('',#3289,3.);
#190=CIRCLE('',#3290,3.);
#191=CIRCLE('',#3291,3.);
#192=CIRCLE('',#3292,1.45);
#193=CIRCLE('',#3293,1.45);
#194=CIRCLE('',#3294,1.45);
#195=CIRCLE('',#3295,1.45);
#196=CIRCLE('',#3300,3.);
#197=CIRCLE('',#3303,3.);
#198=CIRCLE('',#3308,3.);
#199=CIRCLE('',#3311,3.);
#200=CIRCLE('',#3313,1.45);
#201=CIRCLE('',#3314,1.45);
#202=CIRCLE('',#3315,1.45);
#203=CIRCLE('',#3316,1.45);
#204=CYLINDRICAL_SURFACE('',#3074,3.);
#205=CYLINDRICAL_SURFACE('',#3078,3.);
#206=CYLINDRICAL_SURFACE('',#3130,0.499999999999998);
#207=CYLINDRICAL_SURFACE('',#3133,0.499999999999998);
#208=CYLINDRICAL_SURFACE('',#3136,0.499999999999998);
#209=CYLINDRICAL_SURFACE('',#3139,0.499999999999998);
#210=CYLINDRICAL_SURFACE('',#3142,0.499999999999998);
#211=CYLINDRICAL_SURFACE('',#3145,0.5);
#212=CYLINDRICAL_SURFACE('',#3148,0.499999999999998);
#213=CYLINDRICAL_SURFACE('',#3151,0.5);
#214=CYLINDRICAL_SURFACE('',#3154,0.499999999999998);
#215=CYLINDRICAL_SURFACE('',#3157,0.499999999999998);
#216=CYLINDRICAL_SURFACE('',#3160,0.499999999999998);
#217=CYLINDRICAL_SURFACE('',#3163,0.499999999999998);
#218=CYLINDRICAL_SURFACE('',#3166,0.499999999999998);
#219=CYLINDRICAL_SURFACE('',#3169,0.499999999999998);
#220=CYLINDRICAL_SURFACE('',#3172,0.499999999999998);
#221=CYLINDRICAL_SURFACE('',#3175,0.499999999999998);
#222=CYLINDRICAL_SURFACE('',#3178,0.499999999999998);
#223=CYLINDRICAL_SURFACE('',#3181,0.5);
#224=CYLINDRICAL_SURFACE('',#3184,0.499999999999998);
#225=CYLINDRICAL_SURFACE('',#3187,0.5);
#226=CYLINDRICAL_SURFACE('',#3190,0.499999999999998);
#227=CYLINDRICAL_SURFACE('',#3193,0.499999999999998);
#228=CYLINDRICAL_SURFACE('',#3196,0.499999999999998);
#229=CYLINDRICAL_SURFACE('',#3199,0.499999999999998);
#230=CYLINDRICAL_SURFACE('',#3202,0.499999999999998);
#231=CYLINDRICAL_SURFACE('',#3205,0.499999999999998);
#232=CYLINDRICAL_SURFACE('',#3208,0.499999999999998);
#233=CYLINDRICAL_SURFACE('',#3211,0.499999999999998);
#234=CYLINDRICAL_SURFACE('',#3214,0.499999999999998);
#235=CYLINDRICAL_SURFACE('',#3217,0.5);
#236=CYLINDRICAL_SURFACE('',#3220,0.499999999999998);
#237=CYLINDRICAL_SURFACE('',#3223,0.5);
#238=CYLINDRICAL_SURFACE('',#3226,0.499999999999998);
#239=CYLINDRICAL_SURFACE('',#3229,0.499999999999998);
#240=CYLINDRICAL_SURFACE('',#3232,0.499999999999998);
#241=CYLINDRICAL_SURFACE('',#3235,0.499999999999998);
#242=CYLINDRICAL_SURFACE('',#3238,0.5);
#243=CYLINDRICAL_SURFACE('',#3241,0.499999999999998);
#244=CYLINDRICAL_SURFACE('',#3244,0.5);
#245=CYLINDRICAL_SURFACE('',#3247,0.499999999999998);
#246=CYLINDRICAL_SURFACE('',#3278,1.45);
#247=CYLINDRICAL_SURFACE('',#3279,1.45);
#248=CYLINDRICAL_SURFACE('',#3280,1.45);
#249=CYLINDRICAL_SURFACE('',#3281,1.45);
#250=CYLINDRICAL_SURFACE('',#3283,3.);
#251=CYLINDRICAL_SURFACE('',#3285,3.);
#252=CYLINDRICAL_SURFACE('',#3299,3.);
#253=CYLINDRICAL_SURFACE('',#3302,3.);
#254=CYLINDRICAL_SURFACE('',#3307,3.);
#255=CYLINDRICAL_SURFACE('',#3310,3.);
#256=CYLINDRICAL_SURFACE('',#3323,1.45);
#257=CYLINDRICAL_SURFACE('',#3324,1.45);
#258=CYLINDRICAL_SURFACE('',#3325,1.45);
#259=CYLINDRICAL_SURFACE('',#3326,1.45);
#260=FACE_OUTER_BOUND('',#413,.T.);
#261=FACE_OUTER_BOUND('',#414,.T.);
#262=FACE_OUTER_BOUND('',#415,.T.);
#263=FACE_OUTER_BOUND('',#416,.T.);
#264=FACE_OUTER_BOUND('',#417,.T.);
#265=FACE_OUTER_BOUND('',#418,.T.);
#266=FACE_OUTER_BOUND('',#424,.T.);
#267=FACE_OUTER_BOUND('',#436,.T.);
#268=FACE_OUTER_BOUND('',#437,.T.);
#269=FACE_OUTER_BOUND('',#438,.T.);
#270=FACE_OUTER_BOUND('',#439,.T.);
#271=FACE_OUTER_BOUND('',#440,.T.);
#272=FACE_OUTER_BOUND('',#441,.T.);
#273=FACE_OUTER_BOUND('',#442,.T.);
#274=FACE_OUTER_BOUND('',#443,.T.);
#275=FACE_OUTER_BOUND('',#444,.T.);
#276=FACE_OUTER_BOUND('',#445,.T.);
#277=FACE_OUTER_BOUND('',#446,.T.);
#278=FACE_OUTER_BOUND('',#447,.T.);
#279=FACE_OUTER_BOUND('',#448,.T.);
#280=FACE_OUTER_BOUND('',#449,.T.);
#281=FACE_OUTER_BOUND('',#450,.T.);
#282=FACE_OUTER_BOUND('',#451,.T.);
#283=FACE_OUTER_BOUND('',#452,.T.);
#284=FACE_OUTER_BOUND('',#453,.T.);
#285=FACE_OUTER_BOUND('',#454,.T.);
#286=FACE_OUTER_BOUND('',#455,.T.);
#287=FACE_OUTER_BOUND('',#456,.T.);
#288=FACE_OUTER_BOUND('',#457,.T.);
#289=FACE_OUTER_BOUND('',#458,.T.);
#290=FACE_OUTER_BOUND('',#459,.T.);
#291=FACE_OUTER_BOUND('',#460,.T.);
#292=FACE_OUTER_BOUND('',#461,.T.);
#293=FACE_OUTER_BOUND('',#462,.T.);
#294=FACE_OUTER_BOUND('',#463,.T.);
#295=FACE_OUTER_BOUND('',#464,.T.);
#296=FACE_OUTER_BOUND('',#465,.T.);
#297=FACE_OUTER_BOUND('',#466,.T.);
#298=FACE_OUTER_BOUND('',#467,.T.);
#299=FACE_OUTER_BOUND('',#468,.T.);
#300=FACE_OUTER_BOUND('',#469,.T.);
#301=FACE_OUTER_BOUND('',#470,.T.);
#302=FACE_OUTER_BOUND('',#471,.T.);
#303=FACE_OUTER_BOUND('',#472,.T.);
#304=FACE_OUTER_BOUND('',#473,.T.);
#305=FACE_OUTER_BOUND('',#474,.T.);
#306=FACE_OUTER_BOUND('',#475,.T.);
#307=FACE_OUTER_BOUND('',#476,.T.);
#308=FACE_OUTER_BOUND('',#477,.T.);
#309=FACE_OUTER_BOUND('',#478,.T.);
#310=FACE_OUTER_BOUND('',#479,.T.);
#311=FACE_OUTER_BOUND('',#480,.T.);
#312=FACE_OUTER_BOUND('',#481,.T.);
#313=FACE_OUTER_BOUND('',#482,.T.);
#314=FACE_OUTER_BOUND('',#483,.T.);
#315=FACE_OUTER_BOUND('',#484,.T.);
#316=FACE_OUTER_BOUND('',#485,.T.);
#317=FACE_OUTER_BOUND('',#486,.T.);
#318=FACE_OUTER_BOUND('',#487,.T.);
#319=FACE_OUTER_BOUND('',#488,.T.);
#320=FACE_OUTER_BOUND('',#489,.T.);
#321=FACE_OUTER_BOUND('',#490,.T.);
#322=FACE_OUTER_BOUND('',#491,.T.);
#323=FACE_OUTER_BOUND('',#492,.T.);
#324=FACE_OUTER_BOUND('',#493,.T.);
#325=FACE_OUTER_BOUND('',#494,.T.);
#326=FACE_OUTER_BOUND('',#495,.T.);
#327=FACE_OUTER_BOUND('',#496,.T.);
#328=FACE_OUTER_BOUND('',#497,.T.);
#329=FACE_OUTER_BOUND('',#498,.T.);
#330=FACE_OUTER_BOUND('',#499,.T.);
#331=FACE_OUTER_BOUND('',#500,.T.);
#332=FACE_OUTER_BOUND('',#501,.T.);
#333=FACE_OUTER_BOUND('',#502,.T.);
#334=FACE_OUTER_BOUND('',#503,.T.);
#335=FACE_OUTER_BOUND('',#504,.T.);
#336=FACE_OUTER_BOUND('',#505,.T.);
#337=FACE_OUTER_BOUND('',#506,.T.);
#338=FACE_OUTER_BOUND('',#507,.T.);
#339=FACE_OUTER_BOUND('',#508,.T.);
#340=FACE_OUTER_BOUND('',#509,.T.);
#341=FACE_OUTER_BOUND('',#510,.T.);
#342=FACE_OUTER_BOUND('',#511,.T.);
#343=FACE_OUTER_BOUND('',#512,.T.);
#344=FACE_OUTER_BOUND('',#513,.T.);
#345=FACE_OUTER_BOUND('',#514,.T.);
#346=FACE_OUTER_BOUND('',#515,.T.);
#347=FACE_OUTER_BOUND('',#516,.T.);
#348=FACE_OUTER_BOUND('',#517,.T.);
#349=FACE_OUTER_BOUND('',#518,.T.);
#350=FACE_OUTER_BOUND('',#519,.T.);
#351=FACE_OUTER_BOUND('',#520,.T.);
#352=FACE_OUTER_BOUND('',#521,.T.);
#353=FACE_OUTER_BOUND('',#536,.T.);
#354=FACE_OUTER_BOUND('',#537,.T.);
#355=FACE_OUTER_BOUND('',#538,.T.);
#356=FACE_OUTER_BOUND('',#544,.T.);
#357=FACE_OUTER_BOUND('',#545,.T.);
#358=FACE_OUTER_BOUND('',#546,.T.);
#359=FACE_OUTER_BOUND('',#547,.T.);
#360=FACE_OUTER_BOUND('',#548,.T.);
#361=FACE_OUTER_BOUND('',#549,.T.);
#362=FACE_OUTER_BOUND('',#550,.T.);
#363=FACE_OUTER_BOUND('',#551,.T.);
#364=FACE_OUTER_BOUND('',#552,.T.);
#365=FACE_OUTER_BOUND('',#553,.T.);
#366=FACE_OUTER_BOUND('',#554,.T.);
#367=FACE_OUTER_BOUND('',#555,.T.);
#368=FACE_OUTER_BOUND('',#556,.T.);
#369=FACE_OUTER_BOUND('',#557,.T.);
#370=FACE_OUTER_BOUND('',#558,.T.);
#371=FACE_OUTER_BOUND('',#559,.T.);
#372=FACE_OUTER_BOUND('',#560,.T.);
#373=FACE_OUTER_BOUND('',#561,.T.);
#374=FACE_OUTER_BOUND('',#562,.T.);
#375=FACE_OUTER_BOUND('',#563,.T.);
#376=FACE_OUTER_BOUND('',#564,.T.);
#377=FACE_OUTER_BOUND('',#565,.T.);
#378=FACE_OUTER_BOUND('',#566,.T.);
#379=FACE_OUTER_BOUND('',#567,.T.);
#380=FACE_OUTER_BOUND('',#568,.T.);
#381=FACE_OUTER_BOUND('',#569,.T.);
#382=FACE_OUTER_BOUND('',#570,.T.);
#383=FACE_OUTER_BOUND('',#571,.T.);
#384=FACE_OUTER_BOUND('',#572,.T.);
#385=FACE_OUTER_BOUND('',#573,.T.);
#386=FACE_OUTER_BOUND('',#574,.T.);
#387=FACE_OUTER_BOUND('',#575,.T.);
#388=FACE_OUTER_BOUND('',#576,.T.);
#389=FACE_OUTER_BOUND('',#577,.T.);
#390=FACE_OUTER_BOUND('',#583,.T.);
#391=FACE_OUTER_BOUND('',#584,.T.);
#392=FACE_OUTER_BOUND('',#585,.T.);
#393=FACE_OUTER_BOUND('',#586,.T.);
#394=FACE_OUTER_BOUND('',#587,.T.);
#395=FACE_OUTER_BOUND('',#589,.T.);
#396=FACE_OUTER_BOUND('',#590,.T.);
#397=FACE_OUTER_BOUND('',#591,.T.);
#398=FACE_OUTER_BOUND('',#592,.T.);
#399=FACE_OUTER_BOUND('',#593,.T.);
#400=FACE_OUTER_BOUND('',#594,.T.);
#401=FACE_OUTER_BOUND('',#595,.T.);
#402=FACE_OUTER_BOUND('',#596,.T.);
#403=FACE_OUTER_BOUND('',#601,.T.);
#404=FACE_OUTER_BOUND('',#602,.T.);
#405=FACE_OUTER_BOUND('',#603,.T.);
#406=FACE_OUTER_BOUND('',#604,.T.);
#407=FACE_OUTER_BOUND('',#605,.T.);
#408=FACE_OUTER_BOUND('',#606,.T.);
#409=FACE_OUTER_BOUND('',#607,.T.);
#410=FACE_OUTER_BOUND('',#608,.T.);
#411=FACE_OUTER_BOUND('',#609,.T.);
#412=FACE_OUTER_BOUND('',#610,.T.);
#413=EDGE_LOOP('',(#1953,#1954,#1955,#1956,#1957,#1958,#1959,#1960));
#414=EDGE_LOOP('',(#1961,#1962,#1963,#1964));
#415=EDGE_LOOP('',(#1965,#1966,#1967,#1968));
#416=EDGE_LOOP('',(#1969,#1970,#1971,#1972));
#417=EDGE_LOOP('',(#1973,#1974,#1975,#1976));
#418=EDGE_LOOP('',(#1977,#1978,#1979,#1980,#1981,#1982,#1983,#1984));
#419=EDGE_LOOP('',(#1985,#1986,#1987,#1988));
#420=EDGE_LOOP('',(#1989));
#421=EDGE_LOOP('',(#1990));
#422=EDGE_LOOP('',(#1991));
#423=EDGE_LOOP('',(#1992));
#424=EDGE_LOOP('',(#1993,#1994,#1995,#1996));
#425=EDGE_LOOP('',(#1997,#1998,#1999,#2000));
#426=EDGE_LOOP('',(#2001,#2002,#2003,#2004,#2005,#2006,#2007,#2008));
#427=EDGE_LOOP('',(#2009,#2010,#2011,#2012,#2013,#2014,#2015,#2016));
#428=EDGE_LOOP('',(#2017,#2018,#2019,#2020,#2021,#2022,#2023,#2024));
#429=EDGE_LOOP('',(#2025,#2026,#2027,#2028,#2029,#2030,#2031,#2032));
#430=EDGE_LOOP('',(#2033,#2034,#2035,#2036,#2037,#2038,#2039,#2040));
#431=EDGE_LOOP('',(#2041,#2042,#2043,#2044,#2045,#2046,#2047,#2048));
#432=EDGE_LOOP('',(#2049,#2050,#2051,#2052,#2053,#2054,#2055,#2056));
#433=EDGE_LOOP('',(#2057,#2058,#2059,#2060,#2061,#2062,#2063,#2064));
#434=EDGE_LOOP('',(#2065,#2066,#2067,#2068,#2069,#2070,#2071,#2072));
#435=EDGE_LOOP('',(#2073,#2074,#2075,#2076,#2077,#2078,#2079,#2080));
#436=EDGE_LOOP('',(#2081,#2082,#2083,#2084));
#437=EDGE_LOOP('',(#2085,#2086,#2087,#2088));
#438=EDGE_LOOP('',(#2089,#2090,#2091,#2092));
#439=EDGE_LOOP('',(#2093,#2094,#2095,#2096));
#440=EDGE_LOOP('',(#2097,#2098,#2099,#2100));
#441=EDGE_LOOP('',(#2101,#2102,#2103,#2104));
#442=EDGE_LOOP('',(#2105,#2106,#2107,#2108));
#443=EDGE_LOOP('',(#2109,#2110,#2111,#2112));
#444=EDGE_LOOP('',(#2113,#2114,#2115,#2116));
#445=EDGE_LOOP('',(#2117,#2118,#2119,#2120));
#446=EDGE_LOOP('',(#2121,#2122,#2123,#2124));
#447=EDGE_LOOP('',(#2125,#2126,#2127,#2128));
#448=EDGE_LOOP('',(#2129,#2130,#2131,#2132));
#449=EDGE_LOOP('',(#2133,#2134,#2135,#2136));
#450=EDGE_LOOP('',(#2137,#2138,#2139,#2140));
#451=EDGE_LOOP('',(#2141,#2142,#2143,#2144));
#452=EDGE_LOOP('',(#2145,#2146,#2147,#2148));
#453=EDGE_LOOP('',(#2149,#2150,#2151,#2152));
#454=EDGE_LOOP('',(#2153,#2154,#2155,#2156));
#455=EDGE_LOOP('',(#2157,#2158,#2159,#2160));
#456=EDGE_LOOP('',(#2161,#2162,#2163,#2164));
#457=EDGE_LOOP('',(#2165,#2166,#2167,#2168));
#458=EDGE_LOOP('',(#2169,#2170,#2171,#2172));
#459=EDGE_LOOP('',(#2173,#2174,#2175,#2176));
#460=EDGE_LOOP('',(#2177,#2178,#2179,#2180));
#461=EDGE_LOOP('',(#2181,#2182,#2183,#2184));
#462=EDGE_LOOP('',(#2185,#2186,#2187,#2188));
#463=EDGE_LOOP('',(#2189,#2190,#2191,#2192));
#464=EDGE_LOOP('',(#2193,#2194,#2195,#2196));
#465=EDGE_LOOP('',(#2197,#2198,#2199,#2200));
#466=EDGE_LOOP('',(#2201,#2202,#2203,#2204));
#467=EDGE_LOOP('',(#2205,#2206,#2207,#2208));
#468=EDGE_LOOP('',(#2209,#2210,#2211,#2212));
#469=EDGE_LOOP('',(#2213,#2214,#2215,#2216));
#470=EDGE_LOOP('',(#2217,#2218,#2219,#2220));
#471=EDGE_LOOP('',(#2221,#2222,#2223,#2224));
#472=EDGE_LOOP('',(#2225,#2226,#2227,#2228));
#473=EDGE_LOOP('',(#2229,#2230,#2231,#2232));
#474=EDGE_LOOP('',(#2233,#2234,#2235,#2236));
#475=EDGE_LOOP('',(#2237,#2238,#2239,#2240));
#476=EDGE_LOOP('',(#2241,#2242,#2243,#2244));
#477=EDGE_LOOP('',(#2245,#2246,#2247,#2248));
#478=EDGE_LOOP('',(#2249,#2250,#2251,#2252));
#479=EDGE_LOOP('',(#2253,#2254,#2255,#2256));
#480=EDGE_LOOP('',(#2257,#2258,#2259,#2260));
#481=EDGE_LOOP('',(#2261,#2262,#2263,#2264));
#482=EDGE_LOOP('',(#2265,#2266,#2267,#2268));
#483=EDGE_LOOP('',(#2269,#2270,#2271,#2272));
#484=EDGE_LOOP('',(#2273,#2274,#2275,#2276));
#485=EDGE_LOOP('',(#2277,#2278,#2279,#2280));
#486=EDGE_LOOP('',(#2281,#2282,#2283,#2284));
#487=EDGE_LOOP('',(#2285,#2286,#2287,#2288));
#488=EDGE_LOOP('',(#2289,#2290,#2291,#2292));
#489=EDGE_LOOP('',(#2293,#2294,#2295,#2296));
#490=EDGE_LOOP('',(#2297,#2298,#2299,#2300));
#491=EDGE_LOOP('',(#2301,#2302,#2303,#2304));
#492=EDGE_LOOP('',(#2305,#2306,#2307,#2308));
#493=EDGE_LOOP('',(#2309,#2310,#2311,#2312));
#494=EDGE_LOOP('',(#2313,#2314,#2315,#2316));
#495=EDGE_LOOP('',(#2317,#2318,#2319,#2320));
#496=EDGE_LOOP('',(#2321,#2322,#2323,#2324));
#497=EDGE_LOOP('',(#2325,#2326,#2327,#2328));
#498=EDGE_LOOP('',(#2329,#2330,#2331,#2332));
#499=EDGE_LOOP('',(#2333,#2334,#2335,#2336));
#500=EDGE_LOOP('',(#2337,#2338,#2339,#2340));
#501=EDGE_LOOP('',(#2341,#2342,#2343,#2344));
#502=EDGE_LOOP('',(#2345,#2346,#2347,#2348));
#503=EDGE_LOOP('',(#2349,#2350,#2351,#2352));
#504=EDGE_LOOP('',(#2353,#2354,#2355,#2356));
#505=EDGE_LOOP('',(#2357,#2358,#2359,#2360));
#506=EDGE_LOOP('',(#2361,#2362,#2363,#2364));
#507=EDGE_LOOP('',(#2365,#2366,#2367,#2368));
#508=EDGE_LOOP('',(#2369,#2370,#2371,#2372));
#509=EDGE_LOOP('',(#2373,#2374,#2375,#2376));
#510=EDGE_LOOP('',(#2377,#2378,#2379,#2380));
#511=EDGE_LOOP('',(#2381,#2382,#2383,#2384));
#512=EDGE_LOOP('',(#2385,#2386,#2387,#2388));
#513=EDGE_LOOP('',(#2389,#2390,#2391,#2392));
#514=EDGE_LOOP('',(#2393,#2394,#2395,#2396));
#515=EDGE_LOOP('',(#2397,#2398,#2399,#2400));
#516=EDGE_LOOP('',(#2401,#2402,#2403,#2404));
#517=EDGE_LOOP('',(#2405,#2406,#2407,#2408));
#518=EDGE_LOOP('',(#2409,#2410,#2411,#2412));
#519=EDGE_LOOP('',(#2413,#2414,#2415,#2416));
#520=EDGE_LOOP('',(#2417,#2418,#2419,#2420));
#521=EDGE_LOOP('',(#2421,#2422,#2423,#2424));
#522=EDGE_LOOP('',(#2425,#2426,#2427,#2428,#2429,#2430,#2431,#2432));
#523=EDGE_LOOP('',(#2433,#2434,#2435,#2436,#2437,#2438,#2439,#2440));
#524=EDGE_LOOP('',(#2441,#2442,#2443,#2444,#2445,#2446,#2447,#2448));
#525=EDGE_LOOP('',(#2449,#2450,#2451,#2452,#2453,#2454,#2455,#2456));
#526=EDGE_LOOP('',(#2457,#2458,#2459,#2460,#2461,#2462,#2463,#2464));
#527=EDGE_LOOP('',(#2465,#2466,#2467,#2468,#2469,#2470,#2471,#2472));
#528=EDGE_LOOP('',(#2473,#2474,#2475,#2476,#2477,#2478,#2479,#2480));
#529=EDGE_LOOP('',(#2481,#2482,#2483,#2484,#2485,#2486,#2487,#2488));
#530=EDGE_LOOP('',(#2489,#2490,#2491,#2492,#2493,#2494,#2495,#2496));
#531=EDGE_LOOP('',(#2497,#2498,#2499,#2500,#2501,#2502,#2503,#2504));
#532=EDGE_LOOP('',(#2505,#2506,#2507,#2508));
#533=EDGE_LOOP('',(#2509,#2510,#2511,#2512,#2513,#2514,#2515,#2516));
#534=EDGE_LOOP('',(#2517,#2518,#2519,#2520,#2521,#2522));
#535=EDGE_LOOP('',(#2523,#2524,#2525,#2526,#2527,#2528));
#536=EDGE_LOOP('',(#2529,#2530,#2531,#2532,#2533,#2534,#2535,#2536));
#537=EDGE_LOOP('',(#2537,#2538,#2539,#2540));
#538=EDGE_LOOP('',(#2541,#2542,#2543,#2544,#2545,#2546,#2547,#2548));
#539=EDGE_LOOP('',(#2549));
#540=EDGE_LOOP('',(#2550));
#541=EDGE_LOOP('',(#2551));
#542=EDGE_LOOP('',(#2552));
#543=EDGE_LOOP('',(#2553,#2554,#2555,#2556));
#544=EDGE_LOOP('',(#2557,#2558,#2559,#2560));
#545=EDGE_LOOP('',(#2561,#2562,#2563,#2564,#2565,#2566,#2567,#2568));
#546=EDGE_LOOP('',(#2569,#2570,#2571,#2572));
#547=EDGE_LOOP('',(#2573,#2574,#2575,#2576));
#548=EDGE_LOOP('',(#2577,#2578,#2579,#2580));
#549=EDGE_LOOP('',(#2581,#2582,#2583,#2584));
#550=EDGE_LOOP('',(#2585,#2586,#2587,#2588));
#551=EDGE_LOOP('',(#2589,#2590,#2591,#2592));
#552=EDGE_LOOP('',(#2593,#2594,#2595,#2596));
#553=EDGE_LOOP('',(#2597,#2598,#2599,#2600));
#554=EDGE_LOOP('',(#2601,#2602,#2603,#2604,#2605,#2606));
#555=EDGE_LOOP('',(#2607,#2608,#2609,#2610));
#556=EDGE_LOOP('',(#2611,#2612,#2613,#2614));
#557=EDGE_LOOP('',(#2615,#2616,#2617,#2618));
#558=EDGE_LOOP('',(#2619,#2620,#2621,#2622));
#559=EDGE_LOOP('',(#2623,#2624,#2625,#2626));
#560=EDGE_LOOP('',(#2627,#2628,#2629,#2630));
#561=EDGE_LOOP('',(#2631,#2632,#2633,#2634,#2635,#2636));
#562=EDGE_LOOP('',(#2637,#2638,#2639,#2640));
#563=EDGE_LOOP('',(#2641,#2642,#2643,#2644));
#564=EDGE_LOOP('',(#2645,#2646,#2647,#2648));
#565=EDGE_LOOP('',(#2649,#2650,#2651,#2652));
#566=EDGE_LOOP('',(#2653,#2654,#2655,#2656));
#567=EDGE_LOOP('',(#2657,#2658,#2659,#2660));
#568=EDGE_LOOP('',(#2661,#2662,#2663,#2664));
#569=EDGE_LOOP('',(#2665,#2666,#2667,#2668));
#570=EDGE_LOOP('',(#2669,#2670,#2671,#2672));
#571=EDGE_LOOP('',(#2673,#2674,#2675,#2676));
#572=EDGE_LOOP('',(#2677,#2678,#2679,#2680));
#573=EDGE_LOOP('',(#2681,#2682,#2683,#2684));
#574=EDGE_LOOP('',(#2685,#2686,#2687,#2688));
#575=EDGE_LOOP('',(#2689,#2690,#2691,#2692));
#576=EDGE_LOOP('',(#2693,#2694,#2695,#2696));
#577=EDGE_LOOP('',(#2697,#2698,#2699,#2700,#2701,#2702,#2703,#2704));
#578=EDGE_LOOP('',(#2705));
#579=EDGE_LOOP('',(#2706));
#580=EDGE_LOOP('',(#2707));
#581=EDGE_LOOP('',(#2708));
#582=EDGE_LOOP('',(#2709,#2710,#2711,#2712));
#583=EDGE_LOOP('',(#2713,#2714,#2715,#2716));
#584=EDGE_LOOP('',(#2717,#2718,#2719,#2720));
#585=EDGE_LOOP('',(#2721,#2722,#2723,#2724));
#586=EDGE_LOOP('',(#2725,#2726,#2727,#2728));
#587=EDGE_LOOP('',(#2729,#2730,#2731,#2732));
#588=EDGE_LOOP('',(#2733,#2734,#2735,#2736));
#589=EDGE_LOOP('',(#2737,#2738,#2739,#2740));
#590=EDGE_LOOP('',(#2741,#2742,#2743,#2744));
#591=EDGE_LOOP('',(#2745,#2746,#2747,#2748,#2749,#2750,#2751,#2752));
#592=EDGE_LOOP('',(#2753,#2754,#2755,#2756));
#593=EDGE_LOOP('',(#2757,#2758,#2759,#2760));
#594=EDGE_LOOP('',(#2761,#2762,#2763,#2764));
#595=EDGE_LOOP('',(#2765,#2766,#2767,#2768));
#596=EDGE_LOOP('',(#2769,#2770,#2771,#2772,#2773,#2774,#2775,#2776));
#597=EDGE_LOOP('',(#2777));
#598=EDGE_LOOP('',(#2778));
#599=EDGE_LOOP('',(#2779));
#600=EDGE_LOOP('',(#2780));
#601=EDGE_LOOP('',(#2781,#2782,#2783,#2784));
#602=EDGE_LOOP('',(#2785,#2786,#2787,#2788,#2789,#2790));
#603=EDGE_LOOP('',(#2791,#2792,#2793,#2794));
#604=EDGE_LOOP('',(#2795,#2796,#2797,#2798,#2799,#2800));
#605=EDGE_LOOP('',(#2801,#2802,#2803,#2804));
#606=EDGE_LOOP('',(#2805,#2806,#2807,#2808,#2809,#2810,#2811,#2812));
#607=EDGE_LOOP('',(#2813,#2814,#2815,#2816));
#608=EDGE_LOOP('',(#2817,#2818,#2819,#2820));
#609=EDGE_LOOP('',(#2821,#2822,#2823,#2824));
#610=EDGE_LOOP('',(#2825,#2826,#2827,#2828));
#611=LINE('',#4149,#917);
#612=LINE('',#4151,#918);
#613=LINE('',#4153,#919);
#614=LINE('',#4155,#920);
#615=LINE('',#4157,#921);
#616=LINE('',#4159,#922);
#617=LINE('',#4161,#923);
#618=LINE('',#4162,#924);
#619=LINE('',#4166,#925);
#620=LINE('',#4168,#926);
#621=LINE('',#4170,#927);
#622=LINE('',#4171,#928);
#623=LINE('',#4177,#929);
#624=LINE('',#4180,#930);
#625=LINE('',#4182,#931);
#626=LINE('',#4183,#932);
#627=LINE('',#4189,#933);
#628=LINE('',#4194,#934);
#629=LINE('',#4197,#935);
#630=LINE('',#4199,#936);
#631=LINE('',#4201,#937);
#632=LINE('',#4202,#938);
#633=LINE('',#4213,#939);
#634=LINE('',#4215,#940);
#635=LINE('',#4216,#941);
#636=LINE('',#4219,#942);
#637=LINE('',#4221,#943);
#638=LINE('',#4223,#944);
#639=LINE('',#4224,#945);
#640=LINE('',#4229,#946);
#641=LINE('',#4233,#947);
#642=LINE('',#4237,#948);
#643=LINE('',#4240,#949);
#644=LINE('',#4245,#950);
#645=LINE('',#4249,#951);
#646=LINE('',#4253,#952);
#647=LINE('',#4256,#953);
#648=LINE('',#4261,#954);
#649=LINE('',#4265,#955);
#650=LINE('',#4269,#956);
#651=LINE('',#4272,#957);
#652=LINE('',#4277,#958);
#653=LINE('',#4281,#959);
#654=LINE('',#4285,#960);
#655=LINE('',#4288,#961);
#656=LINE('',#4293,#962);
#657=LINE('',#4297,#963);
#658=LINE('',#4301,#964);
#659=LINE('',#4304,#965);
#660=LINE('',#4309,#966);
#661=LINE('',#4313,#967);
#662=LINE('',#4317,#968);
#663=LINE('',#4320,#969);
#664=LINE('',#4325,#970);
#665=LINE('',#4329,#971);
#666=LINE('',#4333,#972);
#667=LINE('',#4336,#973);
#668=LINE('',#4341,#974);
#669=LINE('',#4345,#975);
#670=LINE('',#4349,#976);
#671=LINE('',#4352,#977);
#672=LINE('',#4357,#978);
#673=LINE('',#4361,#979);
#674=LINE('',#4365,#980);
#675=LINE('',#4368,#981);
#676=LINE('',#4373,#982);
#677=LINE('',#4377,#983);
#678=LINE('',#4381,#984);
#679=LINE('',#4384,#985);
#680=LINE('',#4387,#986);
#681=LINE('',#4389,#987);
#682=LINE('',#4390,#988);
#683=LINE('',#4393,#989);
#684=LINE('',#4396,#990);
#685=LINE('',#4399,#991);
#686=LINE('',#4400,#992);
#687=LINE('',#4403,#993);
#688=LINE('',#4407,#994);
#689=LINE('',#4408,#995);
#690=LINE('',#4411,#996);
#691=LINE('',#4415,#997);
#692=LINE('',#4416,#998);
#693=LINE('',#4419,#999);
#694=LINE('',#4422,#1000);
#695=LINE('',#4425,#1001);
#696=LINE('',#4428,#1002);
#697=LINE('',#4431,#1003);
#698=LINE('',#4432,#1004);
#699=LINE('',#4435,#1005);
#700=LINE('',#4439,#1006);
#701=LINE('',#4440,#1007);
#702=LINE('',#4443,#1008);
#703=LINE('',#4447,#1009);
#704=LINE('',#4448,#1010);
#705=LINE('',#4451,#1011);
#706=LINE('',#4454,#1012);
#707=LINE('',#4457,#1013);
#708=LINE('',#4460,#1014);
#709=LINE('',#4463,#1015);
#710=LINE('',#4464,#1016);
#711=LINE('',#4467,#1017);
#712=LINE('',#4471,#1018);
#713=LINE('',#4472,#1019);
#714=LINE('',#4475,#1020);
#715=LINE('',#4479,#1021);
#716=LINE('',#4480,#1022);
#717=LINE('',#4483,#1023);
#718=LINE('',#4486,#1024);
#719=LINE('',#4489,#1025);
#720=LINE('',#4492,#1026);
#721=LINE('',#4495,#1027);
#722=LINE('',#4496,#1028);
#723=LINE('',#4499,#1029);
#724=LINE('',#4503,#1030);
#725=LINE('',#4504,#1031);
#726=LINE('',#4507,#1032);
#727=LINE('',#4511,#1033);
#728=LINE('',#4512,#1034);
#729=LINE('',#4515,#1035);
#730=LINE('',#4518,#1036);
#731=LINE('',#4521,#1037);
#732=LINE('',#4524,#1038);
#733=LINE('',#4527,#1039);
#734=LINE('',#4528,#1040);
#735=LINE('',#4531,#1041);
#736=LINE('',#4535,#1042);
#737=LINE('',#4536,#1043);
#738=LINE('',#4539,#1044);
#739=LINE('',#4543,#1045);
#740=LINE('',#4544,#1046);
#741=LINE('',#4547,#1047);
#742=LINE('',#4550,#1048);
#743=LINE('',#4553,#1049);
#744=LINE('',#4556,#1050);
#745=LINE('',#4559,#1051);
#746=LINE('',#4560,#1052);
#747=LINE('',#4563,#1053);
#748=LINE('',#4567,#1054);
#749=LINE('',#4568,#1055);
#750=LINE('',#4571,#1056);
#751=LINE('',#4575,#1057);
#752=LINE('',#4576,#1058);
#753=LINE('',#4579,#1059);
#754=LINE('',#4582,#1060);
#755=LINE('',#4585,#1061);
#756=LINE('',#4588,#1062);
#757=LINE('',#4591,#1063);
#758=LINE('',#4592,#1064);
#759=LINE('',#4595,#1065);
#760=LINE('',#4599,#1066);
#761=LINE('',#4600,#1067);
#762=LINE('',#4603,#1068);
#763=LINE('',#4607,#1069);
#764=LINE('',#4608,#1070);
#765=LINE('',#4611,#1071);
#766=LINE('',#4614,#1072);
#767=LINE('',#4617,#1073);
#768=LINE('',#4620,#1074);
#769=LINE('',#4623,#1075);
#770=LINE('',#4624,#1076);
#771=LINE('',#4627,#1077);
#772=LINE('',#4631,#1078);
#773=LINE('',#4632,#1079);
#774=LINE('',#4635,#1080);
#775=LINE('',#4639,#1081);
#776=LINE('',#4640,#1082);
#777=LINE('',#4643,#1083);
#778=LINE('',#4646,#1084);
#779=LINE('',#4649,#1085);
#780=LINE('',#4652,#1086);
#781=LINE('',#4655,#1087);
#782=LINE('',#4656,#1088);
#783=LINE('',#4659,#1089);
#784=LINE('',#4663,#1090);
#785=LINE('',#4664,#1091);
#786=LINE('',#4667,#1092);
#787=LINE('',#4671,#1093);
#788=LINE('',#4672,#1094);
#789=LINE('',#4675,#1095);
#790=LINE('',#4678,#1096);
#791=LINE('',#4681,#1097);
#792=LINE('',#4684,#1098);
#793=LINE('',#4687,#1099);
#794=LINE('',#4688,#1100);
#795=LINE('',#4691,#1101);
#796=LINE('',#4695,#1102);
#797=LINE('',#4696,#1103);
#798=LINE('',#4699,#1104);
#799=LINE('',#4703,#1105);
#800=LINE('',#4704,#1106);
#801=LINE('',#4707,#1107);
#802=LINE('',#4710,#1108);
#803=LINE('',#4713,#1109);
#804=LINE('',#4715,#1110);
#805=LINE('',#4716,#1111);
#806=LINE('',#4719,#1112);
#807=LINE('',#4720,#1113);
#808=LINE('',#4723,#1114);
#809=LINE('',#4724,#1115);
#810=LINE('',#4726,#1116);
#811=LINE('',#4728,#1117);
#812=LINE('',#4729,#1118);
#813=LINE('',#4732,#1119);
#814=LINE('',#4734,#1120);
#815=LINE('',#4756,#1121);
#816=LINE('',#4757,#1122);
#817=LINE('',#4770,#1123);
#818=LINE('',#4772,#1124);
#819=LINE('',#4774,#1125);
#820=LINE('',#4781,#1126);
#821=LINE('',#4783,#1127);
#822=LINE('',#4799,#1128);
#823=LINE('',#4802,#1129);
#824=LINE('',#4803,#1130);
#825=LINE('',#4806,#1131);
#826=LINE('',#4807,#1132);
#827=LINE('',#4810,#1133);
#828=LINE('',#4814,#1134);
#829=LINE('',#4824,#1135);
#830=LINE('',#4829,#1136);
#831=LINE('',#4831,#1137);
#832=LINE('',#4833,#1138);
#833=LINE('',#4835,#1139);
#834=LINE('',#4856,#1140);
#835=LINE('',#4857,#1141);
#836=LINE('',#4866,#1142);
#837=LINE('',#4875,#1143);
#838=LINE('',#4884,#1144);
#839=LINE('',#4893,#1145);
#840=LINE('',#4895,#1146);
#841=LINE('',#4897,#1147);
#842=LINE('',#4917,#1148);
#843=LINE('',#4919,#1149);
#844=LINE('',#4920,#1150);
#845=LINE('',#4929,#1151);
#846=LINE('',#4930,#1152);
#847=LINE('',#4932,#1153);
#848=LINE('',#4934,#1154);
#849=LINE('',#4936,#1155);
#850=LINE('',#4945,#1156);
#851=LINE('',#4957,#1157);
#852=LINE('',#4959,#1158);
#853=LINE('',#4961,#1159);
#854=LINE('',#4977,#1160);
#855=LINE('',#4978,#1161);
#856=LINE('',#4987,#1162);
#857=LINE('',#4996,#1163);
#858=LINE('',#5005,#1164);
#859=LINE('',#5007,#1165);
#860=LINE('',#5010,#1166);
#861=LINE('',#5012,#1167);
#862=LINE('',#5014,#1168);
#863=LINE('',#5016,#1169);
#864=LINE('',#5018,#1170);
#865=LINE('',#5020,#1171);
#866=LINE('',#5022,#1172);
#867=LINE('',#5028,#1173);
#868=LINE('',#5032,#1174);
#869=LINE('',#5036,#1175);
#870=LINE('',#5040,#1176);
#871=LINE('',#5052,#1177);
#872=LINE('',#5054,#1178);
#873=LINE('',#5056,#1179);
#874=LINE('',#5057,#1180);
#875=LINE('',#5060,#1181);
#876=LINE('',#5062,#1182);
#877=LINE('',#5063,#1183);
#878=LINE('',#5066,#1184);
#879=LINE('',#5067,#1185);
#880=LINE('',#5070,#1186);
#881=LINE('',#5072,#1187);
#882=LINE('',#5073,#1188);
#883=LINE('',#5076,#1189);
#884=LINE('',#5080,#1190);
#885=LINE('',#5081,#1191);
#886=LINE('',#5084,#1192);
#887=LINE('',#5086,#1193);
#888=LINE('',#5088,#1194);
#889=LINE('',#5089,#1195);
#890=LINE('',#5092,#1196);
#891=LINE('',#5096,#1197);
#892=LINE('',#5097,#1198);
#893=LINE('',#5100,#1199);
#894=LINE('',#5102,#1200);
#895=LINE('',#5104,#1201);
#896=LINE('',#5106,#1202);
#897=LINE('',#5107,#1203);
#898=LINE('',#5110,#1204);
#899=LINE('',#5111,#1205);
#900=LINE('',#5114,#1206);
#901=LINE('',#5118,#1207);
#902=LINE('',#5119,#1208);
#903=LINE('',#5133,#1209);
#904=LINE('',#5135,#1210);
#905=LINE('',#5136,#1211);
#906=LINE('',#5139,#1212);
#907=LINE('',#5140,#1213);
#908=LINE('',#5141,#1214);
#909=LINE('',#5143,#1215);
#910=LINE('',#5146,#1216);
#911=LINE('',#5147,#1217);
#912=LINE('',#5149,#1218);
#913=LINE('',#5152,#1219);
#914=LINE('',#5154,#1220);
#915=LINE('',#5156,#1221);
#916=LINE('',#5158,#1222);
#917=VECTOR('',#3331,10.);
#918=VECTOR('',#3332,10.);
#919=VECTOR('',#3333,10.);
#920=VECTOR('',#3334,10.);
#921=VECTOR('',#3335,10.);
#922=VECTOR('',#3336,10.);
#923=VECTOR('',#3337,10.);
#924=VECTOR('',#3338,10.);
#925=VECTOR('',#3341,10.);
#926=VECTOR('',#3342,10.);
#927=VECTOR('',#3343,10.);
#928=VECTOR('',#3344,10.);
#929=VECTOR('',#3351,10.);
#930=VECTOR('',#3354,10.);
#931=VECTOR('',#3355,10.);
#932=VECTOR('',#3356,10.);
#933=VECTOR('',#3363,10.);
#934=VECTOR('',#3368,10.);
#935=VECTOR('',#3371,10.);
#936=VECTOR('',#3372,10.);
#937=VECTOR('',#3373,10.);
#938=VECTOR('',#3374,10.);
#939=VECTOR('',#3385,10.);
#940=VECTOR('',#3386,10.);
#941=VECTOR('',#3387,10.);
#942=VECTOR('',#3388,10.);
#943=VECTOR('',#3389,10.);
#944=VECTOR('',#3390,10.);
#945=VECTOR('',#3391,10.);
#946=VECTOR('',#3394,10.);
#947=VECTOR('',#3397,10.);
#948=VECTOR('',#3400,10.);
#949=VECTOR('',#3403,10.);
#950=VECTOR('',#3406,10.);
#951=VECTOR('',#3409,10.);
#952=VECTOR('',#3412,10.);
#953=VECTOR('',#3415,10.);
#954=VECTOR('',#3418,10.);
#955=VECTOR('',#3421,10.);
#956=VECTOR('',#3424,10.);
#957=VECTOR('',#3427,10.);
#958=VECTOR('',#3430,10.);
#959=VECTOR('',#3433,10.);
#960=VECTOR('',#3436,10.);
#961=VECTOR('',#3439,10.);
#962=VECTOR('',#3442,10.);
#963=VECTOR('',#3445,10.);
#964=VECTOR('',#3448,10.);
#965=VECTOR('',#3451,10.);
#966=VECTOR('',#3454,10.);
#967=VECTOR('',#3457,10.);
#968=VECTOR('',#3460,10.);
#969=VECTOR('',#3463,10.);
#970=VECTOR('',#3466,10.);
#971=VECTOR('',#3469,10.);
#972=VECTOR('',#3472,10.);
#973=VECTOR('',#3475,10.);
#974=VECTOR('',#3478,10.);
#975=VECTOR('',#3481,10.);
#976=VECTOR('',#3484,10.);
#977=VECTOR('',#3487,10.);
#978=VECTOR('',#3490,10.);
#979=VECTOR('',#3493,10.);
#980=VECTOR('',#3496,10.);
#981=VECTOR('',#3499,10.);
#982=VECTOR('',#3502,10.);
#983=VECTOR('',#3505,10.);
#984=VECTOR('',#3508,10.);
#985=VECTOR('',#3511,10.);
#986=VECTOR('',#3514,10.);
#987=VECTOR('',#3515,10.);
#988=VECTOR('',#3516,10.);
#989=VECTOR('',#3519,10.);
#990=VECTOR('',#3522,10.);
#991=VECTOR('',#3525,10.);
#992=VECTOR('',#3526,10.);
#993=VECTOR('',#3529,10.);
#994=VECTOR('',#3534,10.);
#995=VECTOR('',#3535,10.);
#996=VECTOR('',#3538,10.);
#997=VECTOR('',#3543,10.);
#998=VECTOR('',#3544,10.);
#999=VECTOR('',#3547,10.);
#1000=VECTOR('',#3552,10.);
#1001=VECTOR('',#3555,10.);
#1002=VECTOR('',#3558,10.);
#1003=VECTOR('',#3561,10.);
#1004=VECTOR('',#3562,10.);
#1005=VECTOR('',#3565,10.);
#1006=VECTOR('',#3570,10.);
#1007=VECTOR('',#3571,10.);
#1008=VECTOR('',#3574,10.);
#1009=VECTOR('',#3579,10.);
#1010=VECTOR('',#3580,10.);
#1011=VECTOR('',#3583,10.);
#1012=VECTOR('',#3588,10.);
#1013=VECTOR('',#3591,10.);
#1014=VECTOR('',#3594,10.);
#1015=VECTOR('',#3597,10.);
#1016=VECTOR('',#3598,10.);
#1017=VECTOR('',#3601,10.);
#1018=VECTOR('',#3606,10.);
#1019=VECTOR('',#3607,10.);
#1020=VECTOR('',#3610,10.);
#1021=VECTOR('',#3615,10.);
#1022=VECTOR('',#3616,10.);
#1023=VECTOR('',#3619,10.);
#1024=VECTOR('',#3624,10.);
#1025=VECTOR('',#3627,10.);
#1026=VECTOR('',#3630,10.);
#1027=VECTOR('',#3633,10.);
#1028=VECTOR('',#3634,10.);
#1029=VECTOR('',#3637,10.);
#1030=VECTOR('',#3642,10.);
#1031=VECTOR('',#3643,10.);
#1032=VECTOR('',#3646,10.);
#1033=VECTOR('',#3651,10.);
#1034=VECTOR('',#3652,10.);
#1035=VECTOR('',#3655,10.);
#1036=VECTOR('',#3660,10.);
#1037=VECTOR('',#3663,10.);
#1038=VECTOR('',#3666,10.);
#1039=VECTOR('',#3669,10.);
#1040=VECTOR('',#3670,10.);
#1041=VECTOR('',#3673,10.);
#1042=VECTOR('',#3678,10.);
#1043=VECTOR('',#3679,10.);
#1044=VECTOR('',#3682,10.);
#1045=VECTOR('',#3687,10.);
#1046=VECTOR('',#3688,10.);
#1047=VECTOR('',#3691,10.);
#1048=VECTOR('',#3696,10.);
#1049=VECTOR('',#3699,10.);
#1050=VECTOR('',#3702,10.);
#1051=VECTOR('',#3705,10.);
#1052=VECTOR('',#3706,10.);
#1053=VECTOR('',#3709,10.);
#1054=VECTOR('',#3714,10.);
#1055=VECTOR('',#3715,10.);
#1056=VECTOR('',#3718,10.);
#1057=VECTOR('',#3723,10.);
#1058=VECTOR('',#3724,10.);
#1059=VECTOR('',#3727,10.);
#1060=VECTOR('',#3732,10.);
#1061=VECTOR('',#3735,10.);
#1062=VECTOR('',#3738,10.);
#1063=VECTOR('',#3741,10.);
#1064=VECTOR('',#3742,10.);
#1065=VECTOR('',#3745,10.);
#1066=VECTOR('',#3750,10.);
#1067=VECTOR('',#3751,10.);
#1068=VECTOR('',#3754,10.);
#1069=VECTOR('',#3759,10.);
#1070=VECTOR('',#3760,10.);
#1071=VECTOR('',#3763,10.);
#1072=VECTOR('',#3768,10.);
#1073=VECTOR('',#3771,10.);
#1074=VECTOR('',#3774,10.);
#1075=VECTOR('',#3777,10.);
#1076=VECTOR('',#3778,10.);
#1077=VECTOR('',#3781,10.);
#1078=VECTOR('',#3786,10.);
#1079=VECTOR('',#3787,10.);
#1080=VECTOR('',#3790,10.);
#1081=VECTOR('',#3795,10.);
#1082=VECTOR('',#3796,10.);
#1083=VECTOR('',#3799,10.);
#1084=VECTOR('',#3804,10.);
#1085=VECTOR('',#3807,10.);
#1086=VECTOR('',#3810,10.);
#1087=VECTOR('',#3813,10.);
#1088=VECTOR('',#3814,10.);
#1089=VECTOR('',#3817,10.);
#1090=VECTOR('',#3822,10.);
#1091=VECTOR('',#3823,10.);
#1092=VECTOR('',#3826,10.);
#1093=VECTOR('',#3831,10.);
#1094=VECTOR('',#3832,10.);
#1095=VECTOR('',#3835,10.);
#1096=VECTOR('',#3840,10.);
#1097=VECTOR('',#3843,10.);
#1098=VECTOR('',#3846,10.);
#1099=VECTOR('',#3849,10.);
#1100=VECTOR('',#3850,10.);
#1101=VECTOR('',#3853,10.);
#1102=VECTOR('',#3858,10.);
#1103=VECTOR('',#3859,10.);
#1104=VECTOR('',#3862,10.);
#1105=VECTOR('',#3867,10.);
#1106=VECTOR('',#3868,10.);
#1107=VECTOR('',#3871,10.);
#1108=VECTOR('',#3876,10.);
#1109=VECTOR('',#3879,10.);
#1110=VECTOR('',#3880,10.);
#1111=VECTOR('',#3881,10.);
#1112=VECTOR('',#3884,10.);
#1113=VECTOR('',#3885,10.);
#1114=VECTOR('',#3888,10.);
#1115=VECTOR('',#3889,10.);
#1116=VECTOR('',#3892,10.);
#1117=VECTOR('',#3895,10.);
#1118=VECTOR('',#3896,10.);
#1119=VECTOR('',#3897,10.);
#1120=VECTOR('',#3898,10.);
#1121=VECTOR('',#3899,10.);
#1122=VECTOR('',#3900,10.);
#1123=VECTOR('',#3901,10.);
#1124=VECTOR('',#3902,10.);
#1125=VECTOR('',#3903,10.);
#1126=VECTOR('',#3904,10.);
#1127=VECTOR('',#3905,10.);
#1128=VECTOR('',#3906,10.);
#1129=VECTOR('',#3909,10.);
#1130=VECTOR('',#3910,10.);
#1131=VECTOR('',#3913,10.);
#1132=VECTOR('',#3914,10.);
#1133=VECTOR('',#3917,10.);
#1134=VECTOR('',#3920,10.);
#1135=VECTOR('',#3931,10.);
#1136=VECTOR('',#3936,10.);
#1137=VECTOR('',#3937,10.);
#1138=VECTOR('',#3938,10.);
#1139=VECTOR('',#3939,10.);
#1140=VECTOR('',#3942,10.);
#1141=VECTOR('',#3943,10.);
#1142=VECTOR('',#3944,10.);
#1143=VECTOR('',#3945,10.);
#1144=VECTOR('',#3946,10.);
#1145=VECTOR('',#3947,10.);
#1146=VECTOR('',#3950,10.);
#1147=VECTOR('',#3953,10.);
#1148=VECTOR('',#3958,10.);
#1149=VECTOR('',#3959,10.);
#1150=VECTOR('',#3960,10.);
#1151=VECTOR('',#3961,10.);
#1152=VECTOR('',#3962,10.);
#1153=VECTOR('',#3965,10.);
#1154=VECTOR('',#3968,10.);
#1155=VECTOR('',#3971,10.);
#1156=VECTOR('',#3972,10.);
#1157=VECTOR('',#3975,10.);
#1158=VECTOR('',#3976,10.);
#1159=VECTOR('',#3977,10.);
#1160=VECTOR('',#3980,10.);
#1161=VECTOR('',#3981,10.);
#1162=VECTOR('',#3982,10.);
#1163=VECTOR('',#3983,10.);
#1164=VECTOR('',#3984,10.);
#1165=VECTOR('',#3987,10.);
#1166=VECTOR('',#3992,1.45);
#1167=VECTOR('',#3995,1.45);
#1168=VECTOR('',#3998,1.45);
#1169=VECTOR('',#4001,1.45);
#1170=VECTOR('',#4004,10.);
#1171=VECTOR('',#4007,10.);
#1172=VECTOR('',#4010,10.);
#1173=VECTOR('',#4017,10.);
#1174=VECTOR('',#4020,10.);
#1175=VECTOR('',#4023,10.);
#1176=VECTOR('',#4026,10.);
#1177=VECTOR('',#4037,10.);
#1178=VECTOR('',#4038,10.);
#1179=VECTOR('',#4039,10.);
#1180=VECTOR('',#4040,10.);
#1181=VECTOR('',#4043,10.);
#1182=VECTOR('',#4044,10.);
#1183=VECTOR('',#4045,10.);
#1184=VECTOR('',#4048,10.);
#1185=VECTOR('',#4049,10.);
#1186=VECTOR('',#4052,10.);
#1187=VECTOR('',#4053,10.);
#1188=VECTOR('',#4054,10.);
#1189=VECTOR('',#4057,10.);
#1190=VECTOR('',#4062,10.);
#1191=VECTOR('',#4063,10.);
#1192=VECTOR('',#4064,10.);
#1193=VECTOR('',#4065,10.);
#1194=VECTOR('',#4066,10.);
#1195=VECTOR('',#4067,10.);
#1196=VECTOR('',#4070,10.);
#1197=VECTOR('',#4075,10.);
#1198=VECTOR('',#4076,10.);
#1199=VECTOR('',#4079,10.);
#1200=VECTOR('',#4080,10.);
#1201=VECTOR('',#4081,10.);
#1202=VECTOR('',#4082,10.);
#1203=VECTOR('',#4083,10.);
#1204=VECTOR('',#4086,10.);
#1205=VECTOR('',#4087,10.);
#1206=VECTOR('',#4090,10.);
#1207=VECTOR('',#4095,10.);
#1208=VECTOR('',#4096,10.);
#1209=VECTOR('',#4113,10.);
#1210=VECTOR('',#4114,10.);
#1211=VECTOR('',#4115,10.);
#1212=VECTOR('',#4118,10.);
#1213=VECTOR('',#4119,10.);
#1214=VECTOR('',#4120,10.);
#1215=VECTOR('',#4123,10.);
#1216=VECTOR('',#4126,10.);
#1217=VECTOR('',#4127,10.);
#1218=VECTOR('',#4130,10.);
#1219=VECTOR('',#4135,1.45);
#1220=VECTOR('',#4138,1.45);
#1221=VECTOR('',#4141,1.45);
#1222=VECTOR('',#4144,1.45);
#1223=VERTEX_POINT('',#4147);
#1224=VERTEX_POINT('',#4148);
#1225=VERTEX_POINT('',#4150);
#1226=VERTEX_POINT('',#4152);
#1227=VERTEX_POINT('',#4154);
#1228=VERTEX_POINT('',#4156);
#1229=VERTEX_POINT('',#4158);
#1230=VERTEX_POINT('',#4160);
#1231=VERTEX_POINT('',#4164);
#1232=VERTEX_POINT('',#4165);
#1233=VERTEX_POINT('',#4167);
#1234=VERTEX_POINT('',#4169);
#1235=VERTEX_POINT('',#4173);
#1236=VERTEX_POINT('',#4175);
#1237=VERTEX_POINT('',#4179);
#1238=VERTEX_POINT('',#4181);
#1239=VERTEX_POINT('',#4185);
#1240=VERTEX_POINT('',#4187);
#1241=VERTEX_POINT('',#4191);
#1242=VERTEX_POINT('',#4193);
#1243=VERTEX_POINT('',#4195);
#1244=VERTEX_POINT('',#4198);
#1245=VERTEX_POINT('',#4200);
#1246=VERTEX_POINT('',#4203);
#1247=VERTEX_POINT('',#4205);
#1248=VERTEX_POINT('',#4207);
#1249=VERTEX_POINT('',#4209);
#1250=VERTEX_POINT('',#4212);
#1251=VERTEX_POINT('',#4214);
#1252=VERTEX_POINT('',#4217);
#1253=VERTEX_POINT('',#4218);
#1254=VERTEX_POINT('',#4220);
#1255=VERTEX_POINT('',#4222);
#1256=VERTEX_POINT('',#4225);
#1257=VERTEX_POINT('',#4226);
#1258=VERTEX_POINT('',#4228);
#1259=VERTEX_POINT('',#4230);
#1260=VERTEX_POINT('',#4232);
#1261=VERTEX_POINT('',#4234);
#1262=VERTEX_POINT('',#4236);
#1263=VERTEX_POINT('',#4238);
#1264=VERTEX_POINT('',#4241);
#1265=VERTEX_POINT('',#4242);
#1266=VERTEX_POINT('',#4244);
#1267=VERTEX_POINT('',#4246);
#1268=VERTEX_POINT('',#4248);
#1269=VERTEX_POINT('',#4250);
#1270=VERTEX_POINT('',#4252);
#1271=VERTEX_POINT('',#4254);
#1272=VERTEX_POINT('',#4257);
#1273=VERTEX_POINT('',#4258);
#1274=VERTEX_POINT('',#4260);
#1275=VERTEX_POINT('',#4262);
#1276=VERTEX_POINT('',#4264);
#1277=VERTEX_POINT('',#4266);
#1278=VERTEX_POINT('',#4268);
#1279=VERTEX_POINT('',#4270);
#1280=VERTEX_POINT('',#4273);
#1281=VERTEX_POINT('',#4274);
#1282=VERTEX_POINT('',#4276);
#1283=VERTEX_POINT('',#4278);
#1284=VERTEX_POINT('',#4280);
#1285=VERTEX_POINT('',#4282);
#1286=VERTEX_POINT('',#4284);
#1287=VERTEX_POINT('',#4286);
#1288=VERTEX_POINT('',#4289);
#1289=VERTEX_POINT('',#4290);
#1290=VERTEX_POINT('',#4292);
#1291=VERTEX_POINT('',#4294);
#1292=VERTEX_POINT('',#4296);
#1293=VERTEX_POINT('',#4298);
#1294=VERTEX_POINT('',#4300);
#1295=VERTEX_POINT('',#4302);
#1296=VERTEX_POINT('',#4305);
#1297=VERTEX_POINT('',#4306);
#1298=VERTEX_POINT('',#4308);
#1299=VERTEX_POINT('',#4310);
#1300=VERTEX_POINT('',#4312);
#1301=VERTEX_POINT('',#4314);
#1302=VERTEX_POINT('',#4316);
#1303=VERTEX_POINT('',#4318);
#1304=VERTEX_POINT('',#4321);
#1305=VERTEX_POINT('',#4322);
#1306=VERTEX_POINT('',#4324);
#1307=VERTEX_POINT('',#4326);
#1308=VERTEX_POINT('',#4328);
#1309=VERTEX_POINT('',#4330);
#1310=VERTEX_POINT('',#4332);
#1311=VERTEX_POINT('',#4334);
#1312=VERTEX_POINT('',#4337);
#1313=VERTEX_POINT('',#4338);
#1314=VERTEX_POINT('',#4340);
#1315=VERTEX_POINT('',#4342);
#1316=VERTEX_POINT('',#4344);
#1317=VERTEX_POINT('',#4346);
#1318=VERTEX_POINT('',#4348);
#1319=VERTEX_POINT('',#4350);
#1320=VERTEX_POINT('',#4353);
#1321=VERTEX_POINT('',#4354);
#1322=VERTEX_POINT('',#4356);
#1323=VERTEX_POINT('',#4358);
#1324=VERTEX_POINT('',#4360);
#1325=VERTEX_POINT('',#4362);
#1326=VERTEX_POINT('',#4364);
#1327=VERTEX_POINT('',#4366);
#1328=VERTEX_POINT('',#4369);
#1329=VERTEX_POINT('',#4370);
#1330=VERTEX_POINT('',#4372);
#1331=VERTEX_POINT('',#4374);
#1332=VERTEX_POINT('',#4376);
#1333=VERTEX_POINT('',#4378);
#1334=VERTEX_POINT('',#4380);
#1335=VERTEX_POINT('',#4382);
#1336=VERTEX_POINT('',#4386);
#1337=VERTEX_POINT('',#4388);
#1338=VERTEX_POINT('',#4392);
#1339=VERTEX_POINT('',#4394);
#1340=VERTEX_POINT('',#4398);
#1341=VERTEX_POINT('',#4402);
#1342=VERTEX_POINT('',#4406);
#1343=VERTEX_POINT('',#4410);
#1344=VERTEX_POINT('',#4414);
#1345=VERTEX_POINT('',#4418);
#1346=VERTEX_POINT('',#4424);
#1347=VERTEX_POINT('',#4426);
#1348=VERTEX_POINT('',#4430);
#1349=VERTEX_POINT('',#4434);
#1350=VERTEX_POINT('',#4438);
#1351=VERTEX_POINT('',#4442);
#1352=VERTEX_POINT('',#4446);
#1353=VERTEX_POINT('',#4450);
#1354=VERTEX_POINT('',#4456);
#1355=VERTEX_POINT('',#4458);
#1356=VERTEX_POINT('',#4462);
#1357=VERTEX_POINT('',#4466);
#1358=VERTEX_POINT('',#4470);
#1359=VERTEX_POINT('',#4474);
#1360=VERTEX_POINT('',#4478);
#1361=VERTEX_POINT('',#4482);
#1362=VERTEX_POINT('',#4488);
#1363=VERTEX_POINT('',#4490);
#1364=VERTEX_POINT('',#4494);
#1365=VERTEX_POINT('',#4498);
#1366=VERTEX_POINT('',#4502);
#1367=VERTEX_POINT('',#4506);
#1368=VERTEX_POINT('',#4510);
#1369=VERTEX_POINT('',#4514);
#1370=VERTEX_POINT('',#4520);
#1371=VERTEX_POINT('',#4522);
#1372=VERTEX_POINT('',#4526);
#1373=VERTEX_POINT('',#4530);
#1374=VERTEX_POINT('',#4534);
#1375=VERTEX_POINT('',#4538);
#1376=VERTEX_POINT('',#4542);
#1377=VERTEX_POINT('',#4546);
#1378=VERTEX_POINT('',#4552);
#1379=VERTEX_POINT('',#4554);
#1380=VERTEX_POINT('',#4558);
#1381=VERTEX_POINT('',#4562);
#1382=VERTEX_POINT('',#4566);
#1383=VERTEX_POINT('',#4570);
#1384=VERTEX_POINT('',#4574);
#1385=VERTEX_POINT('',#4578);
#1386=VERTEX_POINT('',#4584);
#1387=VERTEX_POINT('',#4586);
#1388=VERTEX_POINT('',#4590);
#1389=VERTEX_POINT('',#4594);
#1390=VERTEX_POINT('',#4598);
#1391=VERTEX_POINT('',#4602);
#1392=VERTEX_POINT('',#4606);
#1393=VERTEX_POINT('',#4610);
#1394=VERTEX_POINT('',#4616);
#1395=VERTEX_POINT('',#4618);
#1396=VERTEX_POINT('',#4622);
#1397=VERTEX_POINT('',#4626);
#1398=VERTEX_POINT('',#4630);
#1399=VERTEX_POINT('',#4634);
#1400=VERTEX_POINT('',#4638);
#1401=VERTEX_POINT('',#4642);
#1402=VERTEX_POINT('',#4648);
#1403=VERTEX_POINT('',#4650);
#1404=VERTEX_POINT('',#4654);
#1405=VERTEX_POINT('',#4658);
#1406=VERTEX_POINT('',#4662);
#1407=VERTEX_POINT('',#4666);
#1408=VERTEX_POINT('',#4670);
#1409=VERTEX_POINT('',#4674);
#1410=VERTEX_POINT('',#4680);
#1411=VERTEX_POINT('',#4682);
#1412=VERTEX_POINT('',#4686);
#1413=VERTEX_POINT('',#4690);
#1414=VERTEX_POINT('',#4694);
#1415=VERTEX_POINT('',#4698);
#1416=VERTEX_POINT('',#4702);
#1417=VERTEX_POINT('',#4706);
#1418=VERTEX_POINT('',#4712);
#1419=VERTEX_POINT('',#4714);
#1420=VERTEX_POINT('',#4718);
#1421=VERTEX_POINT('',#4722);
#1422=VERTEX_POINT('',#4730);
#1423=VERTEX_POINT('',#4731);
#1424=VERTEX_POINT('',#4733);
#1425=VERTEX_POINT('',#4735);
#1426=VERTEX_POINT('',#4740);
#1427=VERTEX_POINT('',#4745);
#1428=VERTEX_POINT('',#4750);
#1429=VERTEX_POINT('',#4755);
#1430=VERTEX_POINT('',#4758);
#1431=VERTEX_POINT('',#4759);
#1432=VERTEX_POINT('',#4764);
#1433=VERTEX_POINT('',#4769);
#1434=VERTEX_POINT('',#4771);
#1435=VERTEX_POINT('',#4773);
#1436=VERTEX_POINT('',#4779);
#1437=VERTEX_POINT('',#4780);
#1438=VERTEX_POINT('',#4782);
#1439=VERTEX_POINT('',#4784);
#1440=VERTEX_POINT('',#4789);
#1441=VERTEX_POINT('',#4794);
#1442=VERTEX_POINT('',#4801);
#1443=VERTEX_POINT('',#4805);
#1444=VERTEX_POINT('',#4809);
#1445=VERTEX_POINT('',#4811);
#1446=VERTEX_POINT('',#4813);
#1447=VERTEX_POINT('',#4816);
#1448=VERTEX_POINT('',#4818);
#1449=VERTEX_POINT('',#4820);
#1450=VERTEX_POINT('',#4822);
#1451=VERTEX_POINT('',#4827);
#1452=VERTEX_POINT('',#4828);
#1453=VERTEX_POINT('',#4830);
#1454=VERTEX_POINT('',#4832);
#1455=VERTEX_POINT('',#4834);
#1456=VERTEX_POINT('',#4836);
#1457=VERTEX_POINT('',#4841);
#1458=VERTEX_POINT('',#4846);
#1459=VERTEX_POINT('',#4900);
#1460=VERTEX_POINT('',#4901);
#1461=VERTEX_POINT('',#4906);
#1462=VERTEX_POINT('',#4911);
#1463=VERTEX_POINT('',#4916);
#1464=VERTEX_POINT('',#4918);
#1465=VERTEX_POINT('',#4955);
#1466=VERTEX_POINT('',#4956);
#1467=VERTEX_POINT('',#4958);
#1468=VERTEX_POINT('',#4960);
#1469=VERTEX_POINT('',#4962);
#1470=VERTEX_POINT('',#4967);
#1471=VERTEX_POINT('',#5026);
#1472=VERTEX_POINT('',#5027);
#1473=VERTEX_POINT('',#5029);
#1474=VERTEX_POINT('',#5031);
#1475=VERTEX_POINT('',#5033);
#1476=VERTEX_POINT('',#5035);
#1477=VERTEX_POINT('',#5037);
#1478=VERTEX_POINT('',#5039);
#1479=VERTEX_POINT('',#5042);
#1480=VERTEX_POINT('',#5044);
#1481=VERTEX_POINT('',#5046);
#1482=VERTEX_POINT('',#5048);
#1483=VERTEX_POINT('',#5050);
#1484=VERTEX_POINT('',#5051);
#1485=VERTEX_POINT('',#5053);
#1486=VERTEX_POINT('',#5055);
#1487=VERTEX_POINT('',#5059);
#1488=VERTEX_POINT('',#5061);
#1489=VERTEX_POINT('',#5065);
#1490=VERTEX_POINT('',#5069);
#1491=VERTEX_POINT('',#5071);
#1492=VERTEX_POINT('',#5075);
#1493=VERTEX_POINT('',#5079);
#1494=VERTEX_POINT('',#5082);
#1495=VERTEX_POINT('',#5083);
#1496=VERTEX_POINT('',#5085);
#1497=VERTEX_POINT('',#5087);
#1498=VERTEX_POINT('',#5091);
#1499=VERTEX_POINT('',#5095);
#1500=VERTEX_POINT('',#5099);
#1501=VERTEX_POINT('',#5101);
#1502=VERTEX_POINT('',#5103);
#1503=VERTEX_POINT('',#5105);
#1504=VERTEX_POINT('',#5109);
#1505=VERTEX_POINT('',#5113);
#1506=VERTEX_POINT('',#5117);
#1507=VERTEX_POINT('',#5123);
#1508=VERTEX_POINT('',#5125);
#1509=VERTEX_POINT('',#5127);
#1510=VERTEX_POINT('',#5129);
#1511=VERTEX_POINT('',#5132);
#1512=VERTEX_POINT('',#5134);
#1513=VERTEX_POINT('',#5138);
#1514=VERTEX_POINT('',#5145);
#1515=EDGE_CURVE('',#1223,#1224,#611,.T.);
#1516=EDGE_CURVE('',#1223,#1225,#612,.T.);
#1517=EDGE_CURVE('',#1226,#1225,#613,.T.);
#1518=EDGE_CURVE('',#1226,#1227,#614,.T.);
#1519=EDGE_CURVE('',#1227,#1228,#615,.T.);
#1520=EDGE_CURVE('',#1228,#1229,#616,.T.);
#1521=EDGE_CURVE('',#1229,#1230,#617,.T.);
#1522=EDGE_CURVE('',#1230,#1224,#618,.T.);
#1523=EDGE_CURVE('',#1231,#1232,#619,.T.);
#1524=EDGE_CURVE('',#1233,#1231,#620,.T.);
#1525=EDGE_CURVE('',#1234,#1233,#621,.T.);
#1526=EDGE_CURVE('',#1232,#1234,#622,.T.);
#1527=EDGE_CURVE('',#1232,#1235,#92,.T.);
#1528=EDGE_CURVE('',#1236,#1234,#93,.T.);
#1529=EDGE_CURVE('',#1236,#1235,#623,.T.);
#1530=EDGE_CURVE('',#1235,#1237,#624,.T.);
#1531=EDGE_CURVE('',#1238,#1236,#625,.T.);
#1532=EDGE_CURVE('',#1237,#1238,#626,.T.);
#1533=EDGE_CURVE('',#1237,#1239,#94,.T.);
#1534=EDGE_CURVE('',#1240,#1238,#95,.T.);
#1535=EDGE_CURVE('',#1240,#1239,#627,.T.);
#1536=EDGE_CURVE('',#1233,#1241,#96,.T.);
#1537=EDGE_CURVE('',#1241,#1242,#628,.T.);
#1538=EDGE_CURVE('',#1242,#1243,#97,.T.);
#1539=EDGE_CURVE('',#1243,#1240,#629,.T.);
#1540=EDGE_CURVE('',#1225,#1244,#630,.T.);
#1541=EDGE_CURVE('',#1245,#1244,#631,.T.);
#1542=EDGE_CURVE('',#1226,#1245,#632,.T.);
#1543=EDGE_CURVE('',#1246,#1246,#98,.T.);
#1544=EDGE_CURVE('',#1247,#1247,#99,.T.);
#1545=EDGE_CURVE('',#1248,#1248,#100,.T.);
#1546=EDGE_CURVE('',#1249,#1249,#101,.T.);
#1547=EDGE_CURVE('',#1230,#1250,#633,.T.);
#1548=EDGE_CURVE('',#1251,#1229,#634,.T.);
#1549=EDGE_CURVE('',#1250,#1251,#635,.T.);
#1550=EDGE_CURVE('',#1252,#1253,#636,.T.);
#1551=EDGE_CURVE('',#1253,#1254,#637,.T.);
#1552=EDGE_CURVE('',#1254,#1255,#638,.T.);
#1553=EDGE_CURVE('',#1255,#1252,#639,.T.);
#1554=EDGE_CURVE('',#1256,#1257,#102,.T.);
#1555=EDGE_CURVE('',#1258,#1256,#640,.T.);
#1556=EDGE_CURVE('',#1259,#1258,#103,.T.);
#1557=EDGE_CURVE('',#1260,#1259,#641,.T.);
#1558=EDGE_CURVE('',#1261,#1260,#104,.T.);
#1559=EDGE_CURVE('',#1262,#1261,#642,.T.);
#1560=EDGE_CURVE('',#1263,#1262,#105,.T.);
#1561=EDGE_CURVE('',#1257,#1263,#643,.T.);
#1562=EDGE_CURVE('',#1264,#1265,#106,.T.);
#1563=EDGE_CURVE('',#1266,#1264,#644,.T.);
#1564=EDGE_CURVE('',#1267,#1266,#107,.T.);
#1565=EDGE_CURVE('',#1268,#1267,#645,.T.);
#1566=EDGE_CURVE('',#1269,#1268,#108,.T.);
#1567=EDGE_CURVE('',#1270,#1269,#646,.T.);
#1568=EDGE_CURVE('',#1271,#1270,#109,.T.);
#1569=EDGE_CURVE('',#1265,#1271,#647,.T.);
#1570=EDGE_CURVE('',#1272,#1273,#110,.T.);
#1571=EDGE_CURVE('',#1274,#1272,#648,.T.);
#1572=EDGE_CURVE('',#1275,#1274,#111,.T.);
#1573=EDGE_CURVE('',#1276,#1275,#649,.T.);
#1574=EDGE_CURVE('',#1277,#1276,#112,.T.);
#1575=EDGE_CURVE('',#1278,#1277,#650,.T.);
#1576=EDGE_CURVE('',#1279,#1278,#113,.T.);
#1577=EDGE_CURVE('',#1273,#1279,#651,.T.);
#1578=EDGE_CURVE('',#1280,#1281,#114,.T.);
#1579=EDGE_CURVE('',#1282,#1280,#652,.T.);
#1580=EDGE_CURVE('',#1283,#1282,#115,.T.);
#1581=EDGE_CURVE('',#1284,#1283,#653,.T.);
#1582=EDGE_CURVE('',#1285,#1284,#116,.T.);
#1583=EDGE_CURVE('',#1286,#1285,#654,.T.);
#1584=EDGE_CURVE('',#1287,#1286,#117,.T.);
#1585=EDGE_CURVE('',#1281,#1287,#655,.T.);
#1586=EDGE_CURVE('',#1288,#1289,#118,.T.);
#1587=EDGE_CURVE('',#1290,#1288,#656,.T.);
#1588=EDGE_CURVE('',#1291,#1290,#119,.T.);
#1589=EDGE_CURVE('',#1292,#1291,#657,.T.);
#1590=EDGE_CURVE('',#1293,#1292,#120,.T.);
#1591=EDGE_CURVE('',#1294,#1293,#658,.T.);
#1592=EDGE_CURVE('',#1295,#1294,#121,.T.);
#1593=EDGE_CURVE('',#1289,#1295,#659,.T.);
#1594=EDGE_CURVE('',#1296,#1297,#122,.T.);
#1595=EDGE_CURVE('',#1298,#1296,#660,.T.);
#1596=EDGE_CURVE('',#1299,#1298,#123,.T.);
#1597=EDGE_CURVE('',#1300,#1299,#661,.T.);
#1598=EDGE_CURVE('',#1301,#1300,#124,.T.);
#1599=EDGE_CURVE('',#1302,#1301,#662,.T.);
#1600=EDGE_CURVE('',#1303,#1302,#125,.T.);
#1601=EDGE_CURVE('',#1297,#1303,#663,.T.);
#1602=EDGE_CURVE('',#1304,#1305,#126,.T.);
#1603=EDGE_CURVE('',#1306,#1304,#664,.T.);
#1604=EDGE_CURVE('',#1307,#1306,#127,.T.);
#1605=EDGE_CURVE('',#1308,#1307,#665,.T.);
#1606=EDGE_CURVE('',#1309,#1308,#128,.T.);
#1607=EDGE_CURVE('',#1310,#1309,#666,.T.);
#1608=EDGE_CURVE('',#1311,#1310,#129,.T.);
#1609=EDGE_CURVE('',#1305,#1311,#667,.T.);
#1610=EDGE_CURVE('',#1312,#1313,#130,.T.);
#1611=EDGE_CURVE('',#1314,#1312,#668,.T.);
#1612=EDGE_CURVE('',#1315,#1314,#131,.T.);
#1613=EDGE_CURVE('',#1316,#1315,#669,.T.);
#1614=EDGE_CURVE('',#1317,#1316,#132,.T.);
#1615=EDGE_CURVE('',#1318,#1317,#670,.T.);
#1616=EDGE_CURVE('',#1319,#1318,#133,.T.);
#1617=EDGE_CURVE('',#1313,#1319,#671,.T.);
#1618=EDGE_CURVE('',#1320,#1321,#134,.T.);
#1619=EDGE_CURVE('',#1322,#1320,#672,.T.);
#1620=EDGE_CURVE('',#1323,#1322,#135,.T.);
#1621=EDGE_CURVE('',#1324,#1323,#673,.T.);
#1622=EDGE_CURVE('',#1325,#1324,#136,.T.);
#1623=EDGE_CURVE('',#1326,#1325,#674,.T.);
#1624=EDGE_CURVE('',#1327,#1326,#137,.T.);
#1625=EDGE_CURVE('',#1321,#1327,#675,.T.);
#1626=EDGE_CURVE('',#1328,#1329,#138,.T.);
#1627=EDGE_CURVE('',#1330,#1328,#676,.T.);
#1628=EDGE_CURVE('',#1331,#1330,#139,.T.);
#1629=EDGE_CURVE('',#1332,#1331,#677,.T.);
#1630=EDGE_CURVE('',#1333,#1332,#140,.T.);
#1631=EDGE_CURVE('',#1334,#1333,#678,.T.);
#1632=EDGE_CURVE('',#1335,#1334,#141,.T.);
#1633=EDGE_CURVE('',#1329,#1335,#679,.T.);
#1634=EDGE_CURVE('',#1336,#1250,#680,.T.);
#1635=EDGE_CURVE('',#1337,#1251,#681,.T.);
#1636=EDGE_CURVE('',#1336,#1337,#682,.T.);
#1637=EDGE_CURVE('',#1257,#1338,#683,.T.);
#1638=EDGE_CURVE('',#1339,#1338,#142,.T.);
#1639=EDGE_CURVE('',#1256,#1339,#684,.T.);
#1640=EDGE_CURVE('',#1263,#1340,#685,.T.);
#1641=EDGE_CURVE('',#1338,#1340,#686,.T.);
#1642=EDGE_CURVE('',#1262,#1341,#687,.T.);
#1643=EDGE_CURVE('',#1340,#1341,#143,.T.);
#1644=EDGE_CURVE('',#1261,#1342,#688,.T.);
#1645=EDGE_CURVE('',#1341,#1342,#689,.T.);
#1646=EDGE_CURVE('',#1260,#1343,#690,.T.);
#1647=EDGE_CURVE('',#1342,#1343,#144,.T.);
#1648=EDGE_CURVE('',#1259,#1344,#691,.T.);
#1649=EDGE_CURVE('',#1343,#1344,#692,.T.);
#1650=EDGE_CURVE('',#1258,#1345,#693,.T.);
#1651=EDGE_CURVE('',#1344,#1345,#145,.T.);
#1652=EDGE_CURVE('',#1345,#1339,#694,.T.);
#1653=EDGE_CURVE('',#1265,#1346,#695,.T.);
#1654=EDGE_CURVE('',#1347,#1346,#146,.T.);
#1655=EDGE_CURVE('',#1264,#1347,#696,.T.);
#1656=EDGE_CURVE('',#1271,#1348,#697,.T.);
#1657=EDGE_CURVE('',#1346,#1348,#698,.T.);
#1658=EDGE_CURVE('',#1270,#1349,#699,.T.);
#1659=EDGE_CURVE('',#1348,#1349,#147,.T.);
#1660=EDGE_CURVE('',#1269,#1350,#700,.T.);
#1661=EDGE_CURVE('',#1349,#1350,#701,.T.);
#1662=EDGE_CURVE('',#1268,#1351,#702,.T.);
#1663=EDGE_CURVE('',#1350,#1351,#148,.T.);
#1664=EDGE_CURVE('',#1267,#1352,#703,.T.);
#1665=EDGE_CURVE('',#1351,#1352,#704,.T.);
#1666=EDGE_CURVE('',#1266,#1353,#705,.T.);
#1667=EDGE_CURVE('',#1352,#1353,#149,.T.);
#1668=EDGE_CURVE('',#1353,#1347,#706,.T.);
#1669=EDGE_CURVE('',#1273,#1354,#707,.T.);
#1670=EDGE_CURVE('',#1355,#1354,#150,.T.);
#1671=EDGE_CURVE('',#1272,#1355,#708,.T.);
#1672=EDGE_CURVE('',#1279,#1356,#709,.T.);
#1673=EDGE_CURVE('',#1354,#1356,#710,.T.);
#1674=EDGE_CURVE('',#1278,#1357,#711,.T.);
#1675=EDGE_CURVE('',#1356,#1357,#151,.T.);
#1676=EDGE_CURVE('',#1277,#1358,#712,.T.);
#1677=EDGE_CURVE('',#1357,#1358,#713,.T.);
#1678=EDGE_CURVE('',#1276,#1359,#714,.T.);
#1679=EDGE_CURVE('',#1358,#1359,#152,.T.);
#1680=EDGE_CURVE('',#1275,#1360,#715,.T.);
#1681=EDGE_CURVE('',#1359,#1360,#716,.T.);
#1682=EDGE_CURVE('',#1274,#1361,#717,.T.);
#1683=EDGE_CURVE('',#1360,#1361,#153,.T.);
#1684=EDGE_CURVE('',#1361,#1355,#718,.T.);
#1685=EDGE_CURVE('',#1281,#1362,#719,.T.);
#1686=EDGE_CURVE('',#1363,#1362,#154,.T.);
#1687=EDGE_CURVE('',#1280,#1363,#720,.T.);
#1688=EDGE_CURVE('',#1287,#1364,#721,.T.);
#1689=EDGE_CURVE('',#1362,#1364,#722,.T.);
#1690=EDGE_CURVE('',#1286,#1365,#723,.T.);
#1691=EDGE_CURVE('',#1364,#1365,#155,.T.);
#1692=EDGE_CURVE('',#1285,#1366,#724,.T.);
#1693=EDGE_CURVE('',#1365,#1366,#725,.T.);
#1694=EDGE_CURVE('',#1284,#1367,#726,.T.);
#1695=EDGE_CURVE('',#1366,#1367,#156,.T.);
#1696=EDGE_CURVE('',#1283,#1368,#727,.T.);
#1697=EDGE_CURVE('',#1367,#1368,#728,.T.);
#1698=EDGE_CURVE('',#1282,#1369,#729,.T.);
#1699=EDGE_CURVE('',#1368,#1369,#157,.T.);
#1700=EDGE_CURVE('',#1369,#1363,#730,.T.);
#1701=EDGE_CURVE('',#1289,#1370,#731,.T.);
#1702=EDGE_CURVE('',#1371,#1370,#158,.T.);
#1703=EDGE_CURVE('',#1288,#1371,#732,.T.);
#1704=EDGE_CURVE('',#1295,#1372,#733,.T.);
#1705=EDGE_CURVE('',#1370,#1372,#734,.T.);
#1706=EDGE_CURVE('',#1294,#1373,#735,.T.);
#1707=EDGE_CURVE('',#1372,#1373,#159,.T.);
#1708=EDGE_CURVE('',#1293,#1374,#736,.T.);
#1709=EDGE_CURVE('',#1373,#1374,#737,.T.);
#1710=EDGE_CURVE('',#1292,#1375,#738,.T.);
#1711=EDGE_CURVE('',#1374,#1375,#160,.T.);
#1712=EDGE_CURVE('',#1291,#1376,#739,.T.);
#1713=EDGE_CURVE('',#1375,#1376,#740,.T.);
#1714=EDGE_CURVE('',#1290,#1377,#741,.T.);
#1715=EDGE_CURVE('',#1376,#1377,#161,.T.);
#1716=EDGE_CURVE('',#1377,#1371,#742,.T.);
#1717=EDGE_CURVE('',#1297,#1378,#743,.T.);
#1718=EDGE_CURVE('',#1379,#1378,#162,.T.);
#1719=EDGE_CURVE('',#1296,#1379,#744,.T.);
#1720=EDGE_CURVE('',#1303,#1380,#745,.T.);
#1721=EDGE_CURVE('',#1378,#1380,#746,.T.);
#1722=EDGE_CURVE('',#1302,#1381,#747,.T.);
#1723=EDGE_CURVE('',#1380,#1381,#163,.T.);
#1724=EDGE_CURVE('',#1301,#1382,#748,.T.);
#1725=EDGE_CURVE('',#1381,#1382,#749,.T.);
#1726=EDGE_CURVE('',#1300,#1383,#750,.T.);
#1727=EDGE_CURVE('',#1382,#1383,#164,.T.);
#1728=EDGE_CURVE('',#1299,#1384,#751,.T.);
#1729=EDGE_CURVE('',#1383,#1384,#752,.T.);
#1730=EDGE_CURVE('',#1298,#1385,#753,.T.);
#1731=EDGE_CURVE('',#1384,#1385,#165,.T.);
#1732=EDGE_CURVE('',#1385,#1379,#754,.T.);
#1733=EDGE_CURVE('',#1305,#1386,#755,.T.);
#1734=EDGE_CURVE('',#1387,#1386,#166,.T.);
#1735=EDGE_CURVE('',#1304,#1387,#756,.T.);
#1736=EDGE_CURVE('',#1311,#1388,#757,.T.);
#1737=EDGE_CURVE('',#1386,#1388,#758,.T.);
#1738=EDGE_CURVE('',#1310,#1389,#759,.T.);
#1739=EDGE_CURVE('',#1388,#1389,#167,.T.);
#1740=EDGE_CURVE('',#1309,#1390,#760,.T.);
#1741=EDGE_CURVE('',#1389,#1390,#761,.T.);
#1742=EDGE_CURVE('',#1308,#1391,#762,.T.);
#1743=EDGE_CURVE('',#1390,#1391,#168,.T.);
#1744=EDGE_CURVE('',#1307,#1392,#763,.T.);
#1745=EDGE_CURVE('',#1391,#1392,#764,.T.);
#1746=EDGE_CURVE('',#1306,#1393,#765,.T.);
#1747=EDGE_CURVE('',#1392,#1393,#169,.T.);
#1748=EDGE_CURVE('',#1393,#1387,#766,.T.);
#1749=EDGE_CURVE('',#1313,#1394,#767,.T.);
#1750=EDGE_CURVE('',#1395,#1394,#170,.T.);
#1751=EDGE_CURVE('',#1312,#1395,#768,.T.);
#1752=EDGE_CURVE('',#1319,#1396,#769,.T.);
#1753=EDGE_CURVE('',#1394,#1396,#770,.T.);
#1754=EDGE_CURVE('',#1318,#1397,#771,.T.);
#1755=EDGE_CURVE('',#1396,#1397,#171,.T.);
#1756=EDGE_CURVE('',#1317,#1398,#772,.T.);
#1757=EDGE_CURVE('',#1397,#1398,#773,.T.);
#1758=EDGE_CURVE('',#1316,#1399,#774,.T.);
#1759=EDGE_CURVE('',#1398,#1399,#172,.T.);
#1760=EDGE_CURVE('',#1315,#1400,#775,.T.);
#1761=EDGE_CURVE('',#1399,#1400,#776,.T.);
#1762=EDGE_CURVE('',#1314,#1401,#777,.T.);
#1763=EDGE_CURVE('',#1400,#1401,#173,.T.);
#1764=EDGE_CURVE('',#1401,#1395,#778,.T.);
#1765=EDGE_CURVE('',#1321,#1402,#779,.T.);
#1766=EDGE_CURVE('',#1403,#1402,#174,.T.);
#1767=EDGE_CURVE('',#1320,#1403,#780,.T.);
#1768=EDGE_CURVE('',#1327,#1404,#781,.T.);
#1769=EDGE_CURVE('',#1402,#1404,#782,.T.);
#1770=EDGE_CURVE('',#1326,#1405,#783,.T.);
#1771=EDGE_CURVE('',#1404,#1405,#175,.T.);
#1772=EDGE_CURVE('',#1325,#1406,#784,.T.);
#1773=EDGE_CURVE('',#1405,#1406,#785,.T.);
#1774=EDGE_CURVE('',#1324,#1407,#786,.T.);
#1775=EDGE_CURVE('',#1406,#1407,#176,.T.);
#1776=EDGE_CURVE('',#1323,#1408,#787,.T.);
#1777=EDGE_CURVE('',#1407,#1408,#788,.T.);
#1778=EDGE_CURVE('',#1322,#1409,#789,.T.);
#1779=EDGE_CURVE('',#1408,#1409,#177,.T.);
#1780=EDGE_CURVE('',#1409,#1403,#790,.T.);
#1781=EDGE_CURVE('',#1329,#1410,#791,.T.);
#1782=EDGE_CURVE('',#1411,#1410,#178,.T.);
#1783=EDGE_CURVE('',#1328,#1411,#792,.T.);
#1784=EDGE_CURVE('',#1335,#1412,#793,.T.);
#1785=EDGE_CURVE('',#1410,#1412,#794,.T.);
#1786=EDGE_CURVE('',#1334,#1413,#795,.T.);
#1787=EDGE_CURVE('',#1412,#1413,#179,.T.);
#1788=EDGE_CURVE('',#1333,#1414,#796,.T.);
#1789=EDGE_CURVE('',#1413,#1414,#797,.T.);
#1790=EDGE_CURVE('',#1332,#1415,#798,.T.);
#1791=EDGE_CURVE('',#1414,#1415,#180,.T.);
#1792=EDGE_CURVE('',#1331,#1416,#799,.T.);
#1793=EDGE_CURVE('',#1415,#1416,#800,.T.);
#1794=EDGE_CURVE('',#1330,#1417,#801,.T.);
#1795=EDGE_CURVE('',#1416,#1417,#181,.T.);
#1796=EDGE_CURVE('',#1417,#1411,#802,.T.);
#1797=EDGE_CURVE('',#1418,#1253,#803,.T.);
#1798=EDGE_CURVE('',#1419,#1418,#804,.T.);
#1799=EDGE_CURVE('',#1419,#1254,#805,.T.);
#1800=EDGE_CURVE('',#1420,#1252,#806,.T.);
#1801=EDGE_CURVE('',#1418,#1420,#807,.T.);
#1802=EDGE_CURVE('',#1421,#1255,#808,.T.);
#1803=EDGE_CURVE('',#1420,#1421,#809,.T.);
#1804=EDGE_CURVE('',#1421,#1419,#810,.T.);
#1805=EDGE_CURVE('',#1227,#1336,#811,.T.);
#1806=EDGE_CURVE('',#1337,#1228,#812,.T.);
#1807=EDGE_CURVE('',#1422,#1423,#813,.T.);
#1808=EDGE_CURVE('',#1423,#1424,#814,.T.);
#1809=EDGE_CURVE('',#1424,#1425,#27,.T.);
#1810=EDGE_CURVE('',#1425,#1426,#28,.T.);
#1811=EDGE_CURVE('',#1426,#1427,#29,.T.);
#1812=EDGE_CURVE('',#1427,#1428,#30,.T.);
#1813=EDGE_CURVE('',#1428,#1429,#815,.T.);
#1814=EDGE_CURVE('',#1429,#1422,#816,.T.);
#1815=EDGE_CURVE('',#1430,#1431,#31,.T.);
#1816=EDGE_CURVE('',#1431,#1432,#32,.T.);
#1817=EDGE_CURVE('',#1432,#1433,#817,.T.);
#1818=EDGE_CURVE('',#1433,#1434,#818,.T.);
#1819=EDGE_CURVE('',#1434,#1435,#819,.T.);
#1820=EDGE_CURVE('',#1435,#1430,#33,.T.);
#1821=EDGE_CURVE('',#1436,#1437,#820,.T.);
#1822=EDGE_CURVE('',#1437,#1438,#821,.T.);
#1823=EDGE_CURVE('',#1438,#1439,#34,.T.);
#1824=EDGE_CURVE('',#1439,#1440,#35,.T.);
#1825=EDGE_CURVE('',#1440,#1441,#36,.T.);
#1826=EDGE_CURVE('',#1441,#1436,#822,.T.);
#1827=EDGE_CURVE('',#1224,#1442,#823,.T.);
#1828=EDGE_CURVE('',#1245,#1442,#824,.T.);
#1829=EDGE_CURVE('',#1443,#1442,#825,.T.);
#1830=EDGE_CURVE('',#1443,#1244,#826,.T.);
#1831=EDGE_CURVE('',#1239,#1444,#827,.T.);
#1832=EDGE_CURVE('',#1444,#1445,#182,.T.);
#1833=EDGE_CURVE('',#1445,#1446,#828,.T.);
#1834=EDGE_CURVE('',#1446,#1231,#183,.T.);
#1835=EDGE_CURVE('',#1447,#1447,#184,.T.);
#1836=EDGE_CURVE('',#1448,#1448,#185,.T.);
#1837=EDGE_CURVE('',#1449,#1449,#186,.T.);
#1838=EDGE_CURVE('',#1450,#1450,#187,.T.);
#1839=EDGE_CURVE('',#1443,#1223,#829,.T.);
#1840=EDGE_CURVE('',#1451,#1452,#830,.T.);
#1841=EDGE_CURVE('',#1453,#1451,#831,.T.);
#1842=EDGE_CURVE('',#1454,#1453,#832,.T.);
#1843=EDGE_CURVE('',#1455,#1454,#833,.T.);
#1844=EDGE_CURVE('',#1456,#1455,#37,.T.);
#1845=EDGE_CURVE('',#1457,#1456,#38,.T.);
#1846=EDGE_CURVE('',#1458,#1457,#39,.T.);
#1847=EDGE_CURVE('',#1452,#1458,#40,.T.);
#1848=EDGE_CURVE('',#1423,#1451,#834,.T.);
#1849=EDGE_CURVE('',#1424,#1452,#835,.T.);
#1850=EDGE_CURVE('',#1425,#1458,#836,.T.);
#1851=EDGE_CURVE('',#1426,#1457,#837,.T.);
#1852=EDGE_CURVE('',#1427,#1456,#838,.T.);
#1853=EDGE_CURVE('',#1428,#1455,#839,.T.);
#1854=EDGE_CURVE('',#1429,#1454,#840,.T.);
#1855=EDGE_CURVE('',#1422,#1453,#841,.T.);
#1856=EDGE_CURVE('',#1459,#1460,#41,.T.);
#1857=EDGE_CURVE('',#1461,#1459,#42,.T.);
#1858=EDGE_CURVE('',#1462,#1461,#43,.T.);
#1859=EDGE_CURVE('',#1463,#1462,#842,.T.);
#1860=EDGE_CURVE('',#1464,#1463,#843,.T.);
#1861=EDGE_CURVE('',#1460,#1464,#844,.T.);
#1862=EDGE_CURVE('',#1431,#1459,#845,.T.);
#1863=EDGE_CURVE('',#1432,#1460,#846,.T.);
#1864=EDGE_CURVE('',#1433,#1464,#847,.T.);
#1865=EDGE_CURVE('',#1434,#1463,#848,.T.);
#1866=EDGE_CURVE('',#1435,#1462,#849,.T.);
#1867=EDGE_CURVE('',#1430,#1461,#850,.T.);
#1868=EDGE_CURVE('',#1465,#1466,#851,.T.);
#1869=EDGE_CURVE('',#1467,#1465,#852,.T.);
#1870=EDGE_CURVE('',#1468,#1467,#853,.T.);
#1871=EDGE_CURVE('',#1469,#1468,#44,.T.);
#1872=EDGE_CURVE('',#1470,#1469,#45,.T.);
#1873=EDGE_CURVE('',#1466,#1470,#46,.T.);
#1874=EDGE_CURVE('',#1437,#1465,#854,.T.);
#1875=EDGE_CURVE('',#1438,#1466,#855,.T.);
#1876=EDGE_CURVE('',#1439,#1470,#856,.T.);
#1877=EDGE_CURVE('',#1440,#1469,#857,.T.);
#1878=EDGE_CURVE('',#1441,#1468,#858,.T.);
#1879=EDGE_CURVE('',#1436,#1467,#859,.T.);
#1880=EDGE_CURVE('',#1249,#1447,#860,.T.);
#1881=EDGE_CURVE('',#1248,#1448,#861,.T.);
#1882=EDGE_CURVE('',#1247,#1449,#862,.T.);
#1883=EDGE_CURVE('',#1246,#1450,#863,.T.);
#1884=EDGE_CURVE('',#1444,#1243,#864,.T.);
#1885=EDGE_CURVE('',#1242,#1445,#865,.T.);
#1886=EDGE_CURVE('',#1446,#1241,#866,.T.);
#1887=EDGE_CURVE('',#1471,#1472,#867,.T.);
#1888=EDGE_CURVE('',#1473,#1471,#188,.T.);
#1889=EDGE_CURVE('',#1474,#1473,#868,.T.);
#1890=EDGE_CURVE('',#1475,#1474,#189,.T.);
#1891=EDGE_CURVE('',#1476,#1475,#869,.T.);
#1892=EDGE_CURVE('',#1477,#1476,#190,.T.);
#1893=EDGE_CURVE('',#1478,#1477,#870,.T.);
#1894=EDGE_CURVE('',#1472,#1478,#191,.T.);
#1895=EDGE_CURVE('',#1479,#1479,#192,.T.);
#1896=EDGE_CURVE('',#1480,#1480,#193,.T.);
#1897=EDGE_CURVE('',#1481,#1481,#194,.T.);
#1898=EDGE_CURVE('',#1482,#1482,#195,.T.);
#1899=EDGE_CURVE('',#1483,#1484,#871,.T.);
#1900=EDGE_CURVE('',#1485,#1483,#872,.T.);
#1901=EDGE_CURVE('',#1486,#1485,#873,.T.);
#1902=EDGE_CURVE('',#1484,#1486,#874,.T.);
#1903=EDGE_CURVE('',#1486,#1487,#875,.T.);
#1904=EDGE_CURVE('',#1487,#1488,#876,.T.);
#1905=EDGE_CURVE('',#1488,#1484,#877,.T.);
#1906=EDGE_CURVE('',#1489,#1485,#878,.T.);
#1907=EDGE_CURVE('',#1487,#1489,#879,.T.);
#1908=EDGE_CURVE('',#1490,#1475,#880,.T.);
#1909=EDGE_CURVE('',#1491,#1490,#881,.T.);
#1910=EDGE_CURVE('',#1476,#1491,#882,.T.);
#1911=EDGE_CURVE('',#1474,#1492,#883,.T.);
#1912=EDGE_CURVE('',#1492,#1490,#196,.T.);
#1913=EDGE_CURVE('',#1493,#1473,#884,.T.);
#1914=EDGE_CURVE('',#1492,#1493,#885,.T.);
#1915=EDGE_CURVE('',#1494,#1495,#886,.T.);
#1916=EDGE_CURVE('',#1495,#1496,#887,.T.);
#1917=EDGE_CURVE('',#1496,#1497,#888,.T.);
#1918=EDGE_CURVE('',#1497,#1494,#889,.T.);
#1919=EDGE_CURVE('',#1471,#1498,#890,.T.);
#1920=EDGE_CURVE('',#1498,#1493,#197,.T.);
#1921=EDGE_CURVE('',#1499,#1483,#891,.T.);
#1922=EDGE_CURVE('',#1499,#1489,#892,.T.);
#1923=EDGE_CURVE('',#1488,#1500,#893,.T.);
#1924=EDGE_CURVE('',#1500,#1501,#894,.T.);
#1925=EDGE_CURVE('',#1501,#1502,#895,.T.);
#1926=EDGE_CURVE('',#1502,#1503,#896,.T.);
#1927=EDGE_CURVE('',#1503,#1499,#897,.T.);
#1928=EDGE_CURVE('',#1504,#1472,#898,.T.);
#1929=EDGE_CURVE('',#1498,#1504,#899,.T.);
#1930=EDGE_CURVE('',#1478,#1505,#900,.T.);
#1931=EDGE_CURVE('',#1505,#1504,#198,.T.);
#1932=EDGE_CURVE('',#1506,#1477,#901,.T.);
#1933=EDGE_CURVE('',#1505,#1506,#902,.T.);
#1934=EDGE_CURVE('',#1491,#1506,#199,.T.);
#1935=EDGE_CURVE('',#1507,#1507,#200,.T.);
#1936=EDGE_CURVE('',#1508,#1508,#201,.T.);
#1937=EDGE_CURVE('',#1509,#1509,#202,.T.);
#1938=EDGE_CURVE('',#1510,#1510,#203,.T.);
#1939=EDGE_CURVE('',#1495,#1511,#903,.T.);
#1940=EDGE_CURVE('',#1511,#1512,#904,.T.);
#1941=EDGE_CURVE('',#1496,#1512,#905,.T.);
#1942=EDGE_CURVE('',#1503,#1513,#906,.T.);
#1943=EDGE_CURVE('',#1497,#1502,#907,.T.);
#1944=EDGE_CURVE('',#1512,#1513,#908,.T.);
#1945=EDGE_CURVE('',#1494,#1501,#909,.T.);
#1946=EDGE_CURVE('',#1514,#1500,#910,.T.);
#1947=EDGE_CURVE('',#1514,#1511,#911,.T.);
#1948=EDGE_CURVE('',#1513,#1514,#912,.T.);
#1949=EDGE_CURVE('',#1482,#1510,#913,.T.);
#1950=EDGE_CURVE('',#1481,#1509,#914,.T.);
#1951=EDGE_CURVE('',#1480,#1508,#915,.T.);
#1952=EDGE_CURVE('',#1479,#1507,#916,.T.);
#1953=ORIENTED_EDGE('',*,*,#1515,.F.);
#1954=ORIENTED_EDGE('',*,*,#1516,.T.);
#1955=ORIENTED_EDGE('',*,*,#1517,.F.);
#1956=ORIENTED_EDGE('',*,*,#1518,.T.);
#1957=ORIENTED_EDGE('',*,*,#1519,.T.);
#1958=ORIENTED_EDGE('',*,*,#1520,.T.);
#1959=ORIENTED_EDGE('',*,*,#1521,.T.);
#1960=ORIENTED_EDGE('',*,*,#1522,.T.);
#1961=ORIENTED_EDGE('',*,*,#1523,.F.);
#1962=ORIENTED_EDGE('',*,*,#1524,.F.);
#1963=ORIENTED_EDGE('',*,*,#1525,.F.);
#1964=ORIENTED_EDGE('',*,*,#1526,.F.);
#1965=ORIENTED_EDGE('',*,*,#1527,.F.);
#1966=ORIENTED_EDGE('',*,*,#1526,.T.);
#1967=ORIENTED_EDGE('',*,*,#1528,.F.);
#1968=ORIENTED_EDGE('',*,*,#1529,.T.);
#1969=ORIENTED_EDGE('',*,*,#1530,.F.);
#1970=ORIENTED_EDGE('',*,*,#1529,.F.);
#1971=ORIENTED_EDGE('',*,*,#1531,.F.);
#1972=ORIENTED_EDGE('',*,*,#1532,.F.);
#1973=ORIENTED_EDGE('',*,*,#1533,.F.);
#1974=ORIENTED_EDGE('',*,*,#1532,.T.);
#1975=ORIENTED_EDGE('',*,*,#1534,.F.);
#1976=ORIENTED_EDGE('',*,*,#1535,.T.);
#1977=ORIENTED_EDGE('',*,*,#1534,.T.);
#1978=ORIENTED_EDGE('',*,*,#1531,.T.);
#1979=ORIENTED_EDGE('',*,*,#1528,.T.);
#1980=ORIENTED_EDGE('',*,*,#1525,.T.);
#1981=ORIENTED_EDGE('',*,*,#1536,.T.);
#1982=ORIENTED_EDGE('',*,*,#1537,.T.);
#1983=ORIENTED_EDGE('',*,*,#1538,.T.);
#1984=ORIENTED_EDGE('',*,*,#1539,.T.);
#1985=ORIENTED_EDGE('',*,*,#1517,.T.);
#1986=ORIENTED_EDGE('',*,*,#1540,.T.);
#1987=ORIENTED_EDGE('',*,*,#1541,.F.);
#1988=ORIENTED_EDGE('',*,*,#1542,.F.);
#1989=ORIENTED_EDGE('',*,*,#1543,.T.);
#1990=ORIENTED_EDGE('',*,*,#1544,.T.);
#1991=ORIENTED_EDGE('',*,*,#1545,.T.);
#1992=ORIENTED_EDGE('',*,*,#1546,.T.);
#1993=ORIENTED_EDGE('',*,*,#1547,.F.);
#1994=ORIENTED_EDGE('',*,*,#1521,.F.);
#1995=ORIENTED_EDGE('',*,*,#1548,.F.);
#1996=ORIENTED_EDGE('',*,*,#1549,.F.);
#1997=ORIENTED_EDGE('',*,*,#1550,.T.);
#1998=ORIENTED_EDGE('',*,*,#1551,.T.);
#1999=ORIENTED_EDGE('',*,*,#1552,.T.);
#2000=ORIENTED_EDGE('',*,*,#1553,.T.);
#2001=ORIENTED_EDGE('',*,*,#1554,.F.);
#2002=ORIENTED_EDGE('',*,*,#1555,.F.);
#2003=ORIENTED_EDGE('',*,*,#1556,.F.);
#2004=ORIENTED_EDGE('',*,*,#1557,.F.);
#2005=ORIENTED_EDGE('',*,*,#1558,.F.);
#2006=ORIENTED_EDGE('',*,*,#1559,.F.);
#2007=ORIENTED_EDGE('',*,*,#1560,.F.);
#2008=ORIENTED_EDGE('',*,*,#1561,.F.);
#2009=ORIENTED_EDGE('',*,*,#1562,.F.);
#2010=ORIENTED_EDGE('',*,*,#1563,.F.);
#2011=ORIENTED_EDGE('',*,*,#1564,.F.);
#2012=ORIENTED_EDGE('',*,*,#1565,.F.);
#2013=ORIENTED_EDGE('',*,*,#1566,.F.);
#2014=ORIENTED_EDGE('',*,*,#1567,.F.);
#2015=ORIENTED_EDGE('',*,*,#1568,.F.);
#2016=ORIENTED_EDGE('',*,*,#1569,.F.);
#2017=ORIENTED_EDGE('',*,*,#1570,.F.);
#2018=ORIENTED_EDGE('',*,*,#1571,.F.);
#2019=ORIENTED_EDGE('',*,*,#1572,.F.);
#2020=ORIENTED_EDGE('',*,*,#1573,.F.);
#2021=ORIENTED_EDGE('',*,*,#1574,.F.);
#2022=ORIENTED_EDGE('',*,*,#1575,.F.);
#2023=ORIENTED_EDGE('',*,*,#1576,.F.);
#2024=ORIENTED_EDGE('',*,*,#1577,.F.);
#2025=ORIENTED_EDGE('',*,*,#1578,.F.);
#2026=ORIENTED_EDGE('',*,*,#1579,.F.);
#2027=ORIENTED_EDGE('',*,*,#1580,.F.);
#2028=ORIENTED_EDGE('',*,*,#1581,.F.);
#2029=ORIENTED_EDGE('',*,*,#1582,.F.);
#2030=ORIENTED_EDGE('',*,*,#1583,.F.);
#2031=ORIENTED_EDGE('',*,*,#1584,.F.);
#2032=ORIENTED_EDGE('',*,*,#1585,.F.);
#2033=ORIENTED_EDGE('',*,*,#1586,.F.);
#2034=ORIENTED_EDGE('',*,*,#1587,.F.);
#2035=ORIENTED_EDGE('',*,*,#1588,.F.);
#2036=ORIENTED_EDGE('',*,*,#1589,.F.);
#2037=ORIENTED_EDGE('',*,*,#1590,.F.);
#2038=ORIENTED_EDGE('',*,*,#1591,.F.);
#2039=ORIENTED_EDGE('',*,*,#1592,.F.);
#2040=ORIENTED_EDGE('',*,*,#1593,.F.);
#2041=ORIENTED_EDGE('',*,*,#1594,.F.);
#2042=ORIENTED_EDGE('',*,*,#1595,.F.);
#2043=ORIENTED_EDGE('',*,*,#1596,.F.);
#2044=ORIENTED_EDGE('',*,*,#1597,.F.);
#2045=ORIENTED_EDGE('',*,*,#1598,.F.);
#2046=ORIENTED_EDGE('',*,*,#1599,.F.);
#2047=ORIENTED_EDGE('',*,*,#1600,.F.);
#2048=ORIENTED_EDGE('',*,*,#1601,.F.);
#2049=ORIENTED_EDGE('',*,*,#1602,.F.);
#2050=ORIENTED_EDGE('',*,*,#1603,.F.);
#2051=ORIENTED_EDGE('',*,*,#1604,.F.);
#2052=ORIENTED_EDGE('',*,*,#1605,.F.);
#2053=ORIENTED_EDGE('',*,*,#1606,.F.);
#2054=ORIENTED_EDGE('',*,*,#1607,.F.);
#2055=ORIENTED_EDGE('',*,*,#1608,.F.);
#2056=ORIENTED_EDGE('',*,*,#1609,.F.);
#2057=ORIENTED_EDGE('',*,*,#1610,.F.);
#2058=ORIENTED_EDGE('',*,*,#1611,.F.);
#2059=ORIENTED_EDGE('',*,*,#1612,.F.);
#2060=ORIENTED_EDGE('',*,*,#1613,.F.);
#2061=ORIENTED_EDGE('',*,*,#1614,.F.);
#2062=ORIENTED_EDGE('',*,*,#1615,.F.);
#2063=ORIENTED_EDGE('',*,*,#1616,.F.);
#2064=ORIENTED_EDGE('',*,*,#1617,.F.);
#2065=ORIENTED_EDGE('',*,*,#1618,.F.);
#2066=ORIENTED_EDGE('',*,*,#1619,.F.);
#2067=ORIENTED_EDGE('',*,*,#1620,.F.);
#2068=ORIENTED_EDGE('',*,*,#1621,.F.);
#2069=ORIENTED_EDGE('',*,*,#1622,.F.);
#2070=ORIENTED_EDGE('',*,*,#1623,.F.);
#2071=ORIENTED_EDGE('',*,*,#1624,.F.);
#2072=ORIENTED_EDGE('',*,*,#1625,.F.);
#2073=ORIENTED_EDGE('',*,*,#1626,.F.);
#2074=ORIENTED_EDGE('',*,*,#1627,.F.);
#2075=ORIENTED_EDGE('',*,*,#1628,.F.);
#2076=ORIENTED_EDGE('',*,*,#1629,.F.);
#2077=ORIENTED_EDGE('',*,*,#1630,.F.);
#2078=ORIENTED_EDGE('',*,*,#1631,.F.);
#2079=ORIENTED_EDGE('',*,*,#1632,.F.);
#2080=ORIENTED_EDGE('',*,*,#1633,.F.);
#2081=ORIENTED_EDGE('',*,*,#1634,.T.);
#2082=ORIENTED_EDGE('',*,*,#1549,.T.);
#2083=ORIENTED_EDGE('',*,*,#1635,.F.);
#2084=ORIENTED_EDGE('',*,*,#1636,.F.);
#2085=ORIENTED_EDGE('',*,*,#1554,.T.);
#2086=ORIENTED_EDGE('',*,*,#1637,.T.);
#2087=ORIENTED_EDGE('',*,*,#1638,.F.);
#2088=ORIENTED_EDGE('',*,*,#1639,.F.);
#2089=ORIENTED_EDGE('',*,*,#1561,.T.);
#2090=ORIENTED_EDGE('',*,*,#1640,.T.);
#2091=ORIENTED_EDGE('',*,*,#1641,.F.);
#2092=ORIENTED_EDGE('',*,*,#1637,.F.);
#2093=ORIENTED_EDGE('',*,*,#1560,.T.);
#2094=ORIENTED_EDGE('',*,*,#1642,.T.);
#2095=ORIENTED_EDGE('',*,*,#1643,.F.);
#2096=ORIENTED_EDGE('',*,*,#1640,.F.);
#2097=ORIENTED_EDGE('',*,*,#1559,.T.);
#2098=ORIENTED_EDGE('',*,*,#1644,.T.);
#2099=ORIENTED_EDGE('',*,*,#1645,.F.);
#2100=ORIENTED_EDGE('',*,*,#1642,.F.);
#2101=ORIENTED_EDGE('',*,*,#1558,.T.);
#2102=ORIENTED_EDGE('',*,*,#1646,.T.);
#2103=ORIENTED_EDGE('',*,*,#1647,.F.);
#2104=ORIENTED_EDGE('',*,*,#1644,.F.);
#2105=ORIENTED_EDGE('',*,*,#1557,.T.);
#2106=ORIENTED_EDGE('',*,*,#1648,.T.);
#2107=ORIENTED_EDGE('',*,*,#1649,.F.);
#2108=ORIENTED_EDGE('',*,*,#1646,.F.);
#2109=ORIENTED_EDGE('',*,*,#1556,.T.);
#2110=ORIENTED_EDGE('',*,*,#1650,.T.);
#2111=ORIENTED_EDGE('',*,*,#1651,.F.);
#2112=ORIENTED_EDGE('',*,*,#1648,.F.);
#2113=ORIENTED_EDGE('',*,*,#1555,.T.);
#2114=ORIENTED_EDGE('',*,*,#1639,.T.);
#2115=ORIENTED_EDGE('',*,*,#1652,.F.);
#2116=ORIENTED_EDGE('',*,*,#1650,.F.);
#2117=ORIENTED_EDGE('',*,*,#1562,.T.);
#2118=ORIENTED_EDGE('',*,*,#1653,.T.);
#2119=ORIENTED_EDGE('',*,*,#1654,.F.);
#2120=ORIENTED_EDGE('',*,*,#1655,.F.);
#2121=ORIENTED_EDGE('',*,*,#1569,.T.);
#2122=ORIENTED_EDGE('',*,*,#1656,.T.);
#2123=ORIENTED_EDGE('',*,*,#1657,.F.);
#2124=ORIENTED_EDGE('',*,*,#1653,.F.);
#2125=ORIENTED_EDGE('',*,*,#1568,.T.);
#2126=ORIENTED_EDGE('',*,*,#1658,.T.);
#2127=ORIENTED_EDGE('',*,*,#1659,.F.);
#2128=ORIENTED_EDGE('',*,*,#1656,.F.);
#2129=ORIENTED_EDGE('',*,*,#1567,.T.);
#2130=ORIENTED_EDGE('',*,*,#1660,.T.);
#2131=ORIENTED_EDGE('',*,*,#1661,.F.);
#2132=ORIENTED_EDGE('',*,*,#1658,.F.);
#2133=ORIENTED_EDGE('',*,*,#1566,.T.);
#2134=ORIENTED_EDGE('',*,*,#1662,.T.);
#2135=ORIENTED_EDGE('',*,*,#1663,.F.);
#2136=ORIENTED_EDGE('',*,*,#1660,.F.);
#2137=ORIENTED_EDGE('',*,*,#1565,.T.);
#2138=ORIENTED_EDGE('',*,*,#1664,.T.);
#2139=ORIENTED_EDGE('',*,*,#1665,.F.);
#2140=ORIENTED_EDGE('',*,*,#1662,.F.);
#2141=ORIENTED_EDGE('',*,*,#1564,.T.);
#2142=ORIENTED_EDGE('',*,*,#1666,.T.);
#2143=ORIENTED_EDGE('',*,*,#1667,.F.);
#2144=ORIENTED_EDGE('',*,*,#1664,.F.);
#2145=ORIENTED_EDGE('',*,*,#1563,.T.);
#2146=ORIENTED_EDGE('',*,*,#1655,.T.);
#2147=ORIENTED_EDGE('',*,*,#1668,.F.);
#2148=ORIENTED_EDGE('',*,*,#1666,.F.);
#2149=ORIENTED_EDGE('',*,*,#1570,.T.);
#2150=ORIENTED_EDGE('',*,*,#1669,.T.);
#2151=ORIENTED_EDGE('',*,*,#1670,.F.);
#2152=ORIENTED_EDGE('',*,*,#1671,.F.);
#2153=ORIENTED_EDGE('',*,*,#1577,.T.);
#2154=ORIENTED_EDGE('',*,*,#1672,.T.);
#2155=ORIENTED_EDGE('',*,*,#1673,.F.);
#2156=ORIENTED_EDGE('',*,*,#1669,.F.);
#2157=ORIENTED_EDGE('',*,*,#1576,.T.);
#2158=ORIENTED_EDGE('',*,*,#1674,.T.);
#2159=ORIENTED_EDGE('',*,*,#1675,.F.);
#2160=ORIENTED_EDGE('',*,*,#1672,.F.);
#2161=ORIENTED_EDGE('',*,*,#1575,.T.);
#2162=ORIENTED_EDGE('',*,*,#1676,.T.);
#2163=ORIENTED_EDGE('',*,*,#1677,.F.);
#2164=ORIENTED_EDGE('',*,*,#1674,.F.);
#2165=ORIENTED_EDGE('',*,*,#1574,.T.);
#2166=ORIENTED_EDGE('',*,*,#1678,.T.);
#2167=ORIENTED_EDGE('',*,*,#1679,.F.);
#2168=ORIENTED_EDGE('',*,*,#1676,.F.);
#2169=ORIENTED_EDGE('',*,*,#1573,.T.);
#2170=ORIENTED_EDGE('',*,*,#1680,.T.);
#2171=ORIENTED_EDGE('',*,*,#1681,.F.);
#2172=ORIENTED_EDGE('',*,*,#1678,.F.);
#2173=ORIENTED_EDGE('',*,*,#1572,.T.);
#2174=ORIENTED_EDGE('',*,*,#1682,.T.);
#2175=ORIENTED_EDGE('',*,*,#1683,.F.);
#2176=ORIENTED_EDGE('',*,*,#1680,.F.);
#2177=ORIENTED_EDGE('',*,*,#1571,.T.);
#2178=ORIENTED_EDGE('',*,*,#1671,.T.);
#2179=ORIENTED_EDGE('',*,*,#1684,.F.);
#2180=ORIENTED_EDGE('',*,*,#1682,.F.);
#2181=ORIENTED_EDGE('',*,*,#1578,.T.);
#2182=ORIENTED_EDGE('',*,*,#1685,.T.);
#2183=ORIENTED_EDGE('',*,*,#1686,.F.);
#2184=ORIENTED_EDGE('',*,*,#1687,.F.);
#2185=ORIENTED_EDGE('',*,*,#1585,.T.);
#2186=ORIENTED_EDGE('',*,*,#1688,.T.);
#2187=ORIENTED_EDGE('',*,*,#1689,.F.);
#2188=ORIENTED_EDGE('',*,*,#1685,.F.);
#2189=ORIENTED_EDGE('',*,*,#1584,.T.);
#2190=ORIENTED_EDGE('',*,*,#1690,.T.);
#2191=ORIENTED_EDGE('',*,*,#1691,.F.);
#2192=ORIENTED_EDGE('',*,*,#1688,.F.);
#2193=ORIENTED_EDGE('',*,*,#1583,.T.);
#2194=ORIENTED_EDGE('',*,*,#1692,.T.);
#2195=ORIENTED_EDGE('',*,*,#1693,.F.);
#2196=ORIENTED_EDGE('',*,*,#1690,.F.);
#2197=ORIENTED_EDGE('',*,*,#1582,.T.);
#2198=ORIENTED_EDGE('',*,*,#1694,.T.);
#2199=ORIENTED_EDGE('',*,*,#1695,.F.);
#2200=ORIENTED_EDGE('',*,*,#1692,.F.);
#2201=ORIENTED_EDGE('',*,*,#1581,.T.);
#2202=ORIENTED_EDGE('',*,*,#1696,.T.);
#2203=ORIENTED_EDGE('',*,*,#1697,.F.);
#2204=ORIENTED_EDGE('',*,*,#1694,.F.);
#2205=ORIENTED_EDGE('',*,*,#1580,.T.);
#2206=ORIENTED_EDGE('',*,*,#1698,.T.);
#2207=ORIENTED_EDGE('',*,*,#1699,.F.);
#2208=ORIENTED_EDGE('',*,*,#1696,.F.);
#2209=ORIENTED_EDGE('',*,*,#1579,.T.);
#2210=ORIENTED_EDGE('',*,*,#1687,.T.);
#2211=ORIENTED_EDGE('',*,*,#1700,.F.);
#2212=ORIENTED_EDGE('',*,*,#1698,.F.);
#2213=ORIENTED_EDGE('',*,*,#1586,.T.);
#2214=ORIENTED_EDGE('',*,*,#1701,.T.);
#2215=ORIENTED_EDGE('',*,*,#1702,.F.);
#2216=ORIENTED_EDGE('',*,*,#1703,.F.);
#2217=ORIENTED_EDGE('',*,*,#1593,.T.);
#2218=ORIENTED_EDGE('',*,*,#1704,.T.);
#2219=ORIENTED_EDGE('',*,*,#1705,.F.);
#2220=ORIENTED_EDGE('',*,*,#1701,.F.);
#2221=ORIENTED_EDGE('',*,*,#1592,.T.);
#2222=ORIENTED_EDGE('',*,*,#1706,.T.);
#2223=ORIENTED_EDGE('',*,*,#1707,.F.);
#2224=ORIENTED_EDGE('',*,*,#1704,.F.);
#2225=ORIENTED_EDGE('',*,*,#1591,.T.);
#2226=ORIENTED_EDGE('',*,*,#1708,.T.);
#2227=ORIENTED_EDGE('',*,*,#1709,.F.);
#2228=ORIENTED_EDGE('',*,*,#1706,.F.);
#2229=ORIENTED_EDGE('',*,*,#1590,.T.);
#2230=ORIENTED_EDGE('',*,*,#1710,.T.);
#2231=ORIENTED_EDGE('',*,*,#1711,.F.);
#2232=ORIENTED_EDGE('',*,*,#1708,.F.);
#2233=ORIENTED_EDGE('',*,*,#1589,.T.);
#2234=ORIENTED_EDGE('',*,*,#1712,.T.);
#2235=ORIENTED_EDGE('',*,*,#1713,.F.);
#2236=ORIENTED_EDGE('',*,*,#1710,.F.);
#2237=ORIENTED_EDGE('',*,*,#1588,.T.);
#2238=ORIENTED_EDGE('',*,*,#1714,.T.);
#2239=ORIENTED_EDGE('',*,*,#1715,.F.);
#2240=ORIENTED_EDGE('',*,*,#1712,.F.);
#2241=ORIENTED_EDGE('',*,*,#1587,.T.);
#2242=ORIENTED_EDGE('',*,*,#1703,.T.);
#2243=ORIENTED_EDGE('',*,*,#1716,.F.);
#2244=ORIENTED_EDGE('',*,*,#1714,.F.);
#2245=ORIENTED_EDGE('',*,*,#1594,.T.);
#2246=ORIENTED_EDGE('',*,*,#1717,.T.);
#2247=ORIENTED_EDGE('',*,*,#1718,.F.);
#2248=ORIENTED_EDGE('',*,*,#1719,.F.);
#2249=ORIENTED_EDGE('',*,*,#1601,.T.);
#2250=ORIENTED_EDGE('',*,*,#1720,.T.);
#2251=ORIENTED_EDGE('',*,*,#1721,.F.);
#2252=ORIENTED_EDGE('',*,*,#1717,.F.);
#2253=ORIENTED_EDGE('',*,*,#1600,.T.);
#2254=ORIENTED_EDGE('',*,*,#1722,.T.);
#2255=ORIENTED_EDGE('',*,*,#1723,.F.);
#2256=ORIENTED_EDGE('',*,*,#1720,.F.);
#2257=ORIENTED_EDGE('',*,*,#1599,.T.);
#2258=ORIENTED_EDGE('',*,*,#1724,.T.);
#2259=ORIENTED_EDGE('',*,*,#1725,.F.);
#2260=ORIENTED_EDGE('',*,*,#1722,.F.);
#2261=ORIENTED_EDGE('',*,*,#1598,.T.);
#2262=ORIENTED_EDGE('',*,*,#1726,.T.);
#2263=ORIENTED_EDGE('',*,*,#1727,.F.);
#2264=ORIENTED_EDGE('',*,*,#1724,.F.);
#2265=ORIENTED_EDGE('',*,*,#1597,.T.);
#2266=ORIENTED_EDGE('',*,*,#1728,.T.);
#2267=ORIENTED_EDGE('',*,*,#1729,.F.);
#2268=ORIENTED_EDGE('',*,*,#1726,.F.);
#2269=ORIENTED_EDGE('',*,*,#1596,.T.);
#2270=ORIENTED_EDGE('',*,*,#1730,.T.);
#2271=ORIENTED_EDGE('',*,*,#1731,.F.);
#2272=ORIENTED_EDGE('',*,*,#1728,.F.);
#2273=ORIENTED_EDGE('',*,*,#1595,.T.);
#2274=ORIENTED_EDGE('',*,*,#1719,.T.);
#2275=ORIENTED_EDGE('',*,*,#1732,.F.);
#2276=ORIENTED_EDGE('',*,*,#1730,.F.);
#2277=ORIENTED_EDGE('',*,*,#1602,.T.);
#2278=ORIENTED_EDGE('',*,*,#1733,.T.);
#2279=ORIENTED_EDGE('',*,*,#1734,.F.);
#2280=ORIENTED_EDGE('',*,*,#1735,.F.);
#2281=ORIENTED_EDGE('',*,*,#1609,.T.);
#2282=ORIENTED_EDGE('',*,*,#1736,.T.);
#2283=ORIENTED_EDGE('',*,*,#1737,.F.);
#2284=ORIENTED_EDGE('',*,*,#1733,.F.);
#2285=ORIENTED_EDGE('',*,*,#1608,.T.);
#2286=ORIENTED_EDGE('',*,*,#1738,.T.);
#2287=ORIENTED_EDGE('',*,*,#1739,.F.);
#2288=ORIENTED_EDGE('',*,*,#1736,.F.);
#2289=ORIENTED_EDGE('',*,*,#1607,.T.);
#2290=ORIENTED_EDGE('',*,*,#1740,.T.);
#2291=ORIENTED_EDGE('',*,*,#1741,.F.);
#2292=ORIENTED_EDGE('',*,*,#1738,.F.);
#2293=ORIENTED_EDGE('',*,*,#1606,.T.);
#2294=ORIENTED_EDGE('',*,*,#1742,.T.);
#2295=ORIENTED_EDGE('',*,*,#1743,.F.);
#2296=ORIENTED_EDGE('',*,*,#1740,.F.);
#2297=ORIENTED_EDGE('',*,*,#1605,.T.);
#2298=ORIENTED_EDGE('',*,*,#1744,.T.);
#2299=ORIENTED_EDGE('',*,*,#1745,.F.);
#2300=ORIENTED_EDGE('',*,*,#1742,.F.);
#2301=ORIENTED_EDGE('',*,*,#1604,.T.);
#2302=ORIENTED_EDGE('',*,*,#1746,.T.);
#2303=ORIENTED_EDGE('',*,*,#1747,.F.);
#2304=ORIENTED_EDGE('',*,*,#1744,.F.);
#2305=ORIENTED_EDGE('',*,*,#1603,.T.);
#2306=ORIENTED_EDGE('',*,*,#1735,.T.);
#2307=ORIENTED_EDGE('',*,*,#1748,.F.);
#2308=ORIENTED_EDGE('',*,*,#1746,.F.);
#2309=ORIENTED_EDGE('',*,*,#1610,.T.);
#2310=ORIENTED_EDGE('',*,*,#1749,.T.);
#2311=ORIENTED_EDGE('',*,*,#1750,.F.);
#2312=ORIENTED_EDGE('',*,*,#1751,.F.);
#2313=ORIENTED_EDGE('',*,*,#1617,.T.);
#2314=ORIENTED_EDGE('',*,*,#1752,.T.);
#2315=ORIENTED_EDGE('',*,*,#1753,.F.);
#2316=ORIENTED_EDGE('',*,*,#1749,.F.);
#2317=ORIENTED_EDGE('',*,*,#1616,.T.);
#2318=ORIENTED_EDGE('',*,*,#1754,.T.);
#2319=ORIENTED_EDGE('',*,*,#1755,.F.);
#2320=ORIENTED_EDGE('',*,*,#1752,.F.);
#2321=ORIENTED_EDGE('',*,*,#1615,.T.);
#2322=ORIENTED_EDGE('',*,*,#1756,.T.);
#2323=ORIENTED_EDGE('',*,*,#1757,.F.);
#2324=ORIENTED_EDGE('',*,*,#1754,.F.);
#2325=ORIENTED_EDGE('',*,*,#1614,.T.);
#2326=ORIENTED_EDGE('',*,*,#1758,.T.);
#2327=ORIENTED_EDGE('',*,*,#1759,.F.);
#2328=ORIENTED_EDGE('',*,*,#1756,.F.);
#2329=ORIENTED_EDGE('',*,*,#1613,.T.);
#2330=ORIENTED_EDGE('',*,*,#1760,.T.);
#2331=ORIENTED_EDGE('',*,*,#1761,.F.);
#2332=ORIENTED_EDGE('',*,*,#1758,.F.);
#2333=ORIENTED_EDGE('',*,*,#1612,.T.);
#2334=ORIENTED_EDGE('',*,*,#1762,.T.);
#2335=ORIENTED_EDGE('',*,*,#1763,.F.);
#2336=ORIENTED_EDGE('',*,*,#1760,.F.);
#2337=ORIENTED_EDGE('',*,*,#1611,.T.);
#2338=ORIENTED_EDGE('',*,*,#1751,.T.);
#2339=ORIENTED_EDGE('',*,*,#1764,.F.);
#2340=ORIENTED_EDGE('',*,*,#1762,.F.);
#2341=ORIENTED_EDGE('',*,*,#1618,.T.);
#2342=ORIENTED_EDGE('',*,*,#1765,.T.);
#2343=ORIENTED_EDGE('',*,*,#1766,.F.);
#2344=ORIENTED_EDGE('',*,*,#1767,.F.);
#2345=ORIENTED_EDGE('',*,*,#1625,.T.);
#2346=ORIENTED_EDGE('',*,*,#1768,.T.);
#2347=ORIENTED_EDGE('',*,*,#1769,.F.);
#2348=ORIENTED_EDGE('',*,*,#1765,.F.);
#2349=ORIENTED_EDGE('',*,*,#1624,.T.);
#2350=ORIENTED_EDGE('',*,*,#1770,.T.);
#2351=ORIENTED_EDGE('',*,*,#1771,.F.);
#2352=ORIENTED_EDGE('',*,*,#1768,.F.);
#2353=ORIENTED_EDGE('',*,*,#1623,.T.);
#2354=ORIENTED_EDGE('',*,*,#1772,.T.);
#2355=ORIENTED_EDGE('',*,*,#1773,.F.);
#2356=ORIENTED_EDGE('',*,*,#1770,.F.);
#2357=ORIENTED_EDGE('',*,*,#1622,.T.);
#2358=ORIENTED_EDGE('',*,*,#1774,.T.);
#2359=ORIENTED_EDGE('',*,*,#1775,.F.);
#2360=ORIENTED_EDGE('',*,*,#1772,.F.);
#2361=ORIENTED_EDGE('',*,*,#1621,.T.);
#2362=ORIENTED_EDGE('',*,*,#1776,.T.);
#2363=ORIENTED_EDGE('',*,*,#1777,.F.);
#2364=ORIENTED_EDGE('',*,*,#1774,.F.);
#2365=ORIENTED_EDGE('',*,*,#1620,.T.);
#2366=ORIENTED_EDGE('',*,*,#1778,.T.);
#2367=ORIENTED_EDGE('',*,*,#1779,.F.);
#2368=ORIENTED_EDGE('',*,*,#1776,.F.);
#2369=ORIENTED_EDGE('',*,*,#1619,.T.);
#2370=ORIENTED_EDGE('',*,*,#1767,.T.);
#2371=ORIENTED_EDGE('',*,*,#1780,.F.);
#2372=ORIENTED_EDGE('',*,*,#1778,.F.);
#2373=ORIENTED_EDGE('',*,*,#1626,.T.);
#2374=ORIENTED_EDGE('',*,*,#1781,.T.);
#2375=ORIENTED_EDGE('',*,*,#1782,.F.);
#2376=ORIENTED_EDGE('',*,*,#1783,.F.);
#2377=ORIENTED_EDGE('',*,*,#1633,.T.);
#2378=ORIENTED_EDGE('',*,*,#1784,.T.);
#2379=ORIENTED_EDGE('',*,*,#1785,.F.);
#2380=ORIENTED_EDGE('',*,*,#1781,.F.);
#2381=ORIENTED_EDGE('',*,*,#1632,.T.);
#2382=ORIENTED_EDGE('',*,*,#1786,.T.);
#2383=ORIENTED_EDGE('',*,*,#1787,.F.);
#2384=ORIENTED_EDGE('',*,*,#1784,.F.);
#2385=ORIENTED_EDGE('',*,*,#1631,.T.);
#2386=ORIENTED_EDGE('',*,*,#1788,.T.);
#2387=ORIENTED_EDGE('',*,*,#1789,.F.);
#2388=ORIENTED_EDGE('',*,*,#1786,.F.);
#2389=ORIENTED_EDGE('',*,*,#1630,.T.);
#2390=ORIENTED_EDGE('',*,*,#1790,.T.);
#2391=ORIENTED_EDGE('',*,*,#1791,.F.);
#2392=ORIENTED_EDGE('',*,*,#1788,.F.);
#2393=ORIENTED_EDGE('',*,*,#1629,.T.);
#2394=ORIENTED_EDGE('',*,*,#1792,.T.);
#2395=ORIENTED_EDGE('',*,*,#1793,.F.);
#2396=ORIENTED_EDGE('',*,*,#1790,.F.);
#2397=ORIENTED_EDGE('',*,*,#1628,.T.);
#2398=ORIENTED_EDGE('',*,*,#1794,.T.);
#2399=ORIENTED_EDGE('',*,*,#1795,.F.);
#2400=ORIENTED_EDGE('',*,*,#1792,.F.);
#2401=ORIENTED_EDGE('',*,*,#1627,.T.);
#2402=ORIENTED_EDGE('',*,*,#1783,.T.);
#2403=ORIENTED_EDGE('',*,*,#1796,.F.);
#2404=ORIENTED_EDGE('',*,*,#1794,.F.);
#2405=ORIENTED_EDGE('',*,*,#1551,.F.);
#2406=ORIENTED_EDGE('',*,*,#1797,.F.);
#2407=ORIENTED_EDGE('',*,*,#1798,.F.);
#2408=ORIENTED_EDGE('',*,*,#1799,.T.);
#2409=ORIENTED_EDGE('',*,*,#1550,.F.);
#2410=ORIENTED_EDGE('',*,*,#1800,.F.);
#2411=ORIENTED_EDGE('',*,*,#1801,.F.);
#2412=ORIENTED_EDGE('',*,*,#1797,.T.);
#2413=ORIENTED_EDGE('',*,*,#1553,.F.);
#2414=ORIENTED_EDGE('',*,*,#1802,.F.);
#2415=ORIENTED_EDGE('',*,*,#1803,.F.);
#2416=ORIENTED_EDGE('',*,*,#1800,.T.);
#2417=ORIENTED_EDGE('',*,*,#1552,.F.);
#2418=ORIENTED_EDGE('',*,*,#1799,.F.);
#2419=ORIENTED_EDGE('',*,*,#1804,.F.);
#2420=ORIENTED_EDGE('',*,*,#1802,.T.);
#2421=ORIENTED_EDGE('',*,*,#1805,.T.);
#2422=ORIENTED_EDGE('',*,*,#1636,.T.);
#2423=ORIENTED_EDGE('',*,*,#1806,.T.);
#2424=ORIENTED_EDGE('',*,*,#1519,.F.);
#2425=ORIENTED_EDGE('',*,*,#1782,.T.);
#2426=ORIENTED_EDGE('',*,*,#1785,.T.);
#2427=ORIENTED_EDGE('',*,*,#1787,.T.);
#2428=ORIENTED_EDGE('',*,*,#1789,.T.);
#2429=ORIENTED_EDGE('',*,*,#1791,.T.);
#2430=ORIENTED_EDGE('',*,*,#1793,.T.);
#2431=ORIENTED_EDGE('',*,*,#1795,.T.);
#2432=ORIENTED_EDGE('',*,*,#1796,.T.);
#2433=ORIENTED_EDGE('',*,*,#1766,.T.);
#2434=ORIENTED_EDGE('',*,*,#1769,.T.);
#2435=ORIENTED_EDGE('',*,*,#1771,.T.);
#2436=ORIENTED_EDGE('',*,*,#1773,.T.);
#2437=ORIENTED_EDGE('',*,*,#1775,.T.);
#2438=ORIENTED_EDGE('',*,*,#1777,.T.);
#2439=ORIENTED_EDGE('',*,*,#1779,.T.);
#2440=ORIENTED_EDGE('',*,*,#1780,.T.);
#2441=ORIENTED_EDGE('',*,*,#1750,.T.);
#2442=ORIENTED_EDGE('',*,*,#1753,.T.);
#2443=ORIENTED_EDGE('',*,*,#1755,.T.);
#2444=ORIENTED_EDGE('',*,*,#1757,.T.);
#2445=ORIENTED_EDGE('',*,*,#1759,.T.);
#2446=ORIENTED_EDGE('',*,*,#1761,.T.);
#2447=ORIENTED_EDGE('',*,*,#1763,.T.);
#2448=ORIENTED_EDGE('',*,*,#1764,.T.);
#2449=ORIENTED_EDGE('',*,*,#1734,.T.);
#2450=ORIENTED_EDGE('',*,*,#1737,.T.);
#2451=ORIENTED_EDGE('',*,*,#1739,.T.);
#2452=ORIENTED_EDGE('',*,*,#1741,.T.);
#2453=ORIENTED_EDGE('',*,*,#1743,.T.);
#2454=ORIENTED_EDGE('',*,*,#1745,.T.);
#2455=ORIENTED_EDGE('',*,*,#1747,.T.);
#2456=ORIENTED_EDGE('',*,*,#1748,.T.);
#2457=ORIENTED_EDGE('',*,*,#1718,.T.);
#2458=ORIENTED_EDGE('',*,*,#1721,.T.);
#2459=ORIENTED_EDGE('',*,*,#1723,.T.);
#2460=ORIENTED_EDGE('',*,*,#1725,.T.);
#2461=ORIENTED_EDGE('',*,*,#1727,.T.);
#2462=ORIENTED_EDGE('',*,*,#1729,.T.);
#2463=ORIENTED_EDGE('',*,*,#1731,.T.);
#2464=ORIENTED_EDGE('',*,*,#1732,.T.);
#2465=ORIENTED_EDGE('',*,*,#1702,.T.);
#2466=ORIENTED_EDGE('',*,*,#1705,.T.);
#2467=ORIENTED_EDGE('',*,*,#1707,.T.);
#2468=ORIENTED_EDGE('',*,*,#1709,.T.);
#2469=ORIENTED_EDGE('',*,*,#1711,.T.);
#2470=ORIENTED_EDGE('',*,*,#1713,.T.);
#2471=ORIENTED_EDGE('',*,*,#1715,.T.);
#2472=ORIENTED_EDGE('',*,*,#1716,.T.);
#2473=ORIENTED_EDGE('',*,*,#1686,.T.);
#2474=ORIENTED_EDGE('',*,*,#1689,.T.);
#2475=ORIENTED_EDGE('',*,*,#1691,.T.);
#2476=ORIENTED_EDGE('',*,*,#1693,.T.);
#2477=ORIENTED_EDGE('',*,*,#1695,.T.);
#2478=ORIENTED_EDGE('',*,*,#1697,.T.);
#2479=ORIENTED_EDGE('',*,*,#1699,.T.);
#2480=ORIENTED_EDGE('',*,*,#1700,.T.);
#2481=ORIENTED_EDGE('',*,*,#1670,.T.);
#2482=ORIENTED_EDGE('',*,*,#1673,.T.);
#2483=ORIENTED_EDGE('',*,*,#1675,.T.);
#2484=ORIENTED_EDGE('',*,*,#1677,.T.);
#2485=ORIENTED_EDGE('',*,*,#1679,.T.);
#2486=ORIENTED_EDGE('',*,*,#1681,.T.);
#2487=ORIENTED_EDGE('',*,*,#1683,.T.);
#2488=ORIENTED_EDGE('',*,*,#1684,.T.);
#2489=ORIENTED_EDGE('',*,*,#1654,.T.);
#2490=ORIENTED_EDGE('',*,*,#1657,.T.);
#2491=ORIENTED_EDGE('',*,*,#1659,.T.);
#2492=ORIENTED_EDGE('',*,*,#1661,.T.);
#2493=ORIENTED_EDGE('',*,*,#1663,.T.);
#2494=ORIENTED_EDGE('',*,*,#1665,.T.);
#2495=ORIENTED_EDGE('',*,*,#1667,.T.);
#2496=ORIENTED_EDGE('',*,*,#1668,.T.);
#2497=ORIENTED_EDGE('',*,*,#1638,.T.);
#2498=ORIENTED_EDGE('',*,*,#1641,.T.);
#2499=ORIENTED_EDGE('',*,*,#1643,.T.);
#2500=ORIENTED_EDGE('',*,*,#1645,.T.);
#2501=ORIENTED_EDGE('',*,*,#1647,.T.);
#2502=ORIENTED_EDGE('',*,*,#1649,.T.);
#2503=ORIENTED_EDGE('',*,*,#1651,.T.);
#2504=ORIENTED_EDGE('',*,*,#1652,.T.);
#2505=ORIENTED_EDGE('',*,*,#1801,.T.);
#2506=ORIENTED_EDGE('',*,*,#1803,.T.);
#2507=ORIENTED_EDGE('',*,*,#1804,.T.);
#2508=ORIENTED_EDGE('',*,*,#1798,.T.);
#2509=ORIENTED_EDGE('',*,*,#1807,.T.);
#2510=ORIENTED_EDGE('',*,*,#1808,.T.);
#2511=ORIENTED_EDGE('',*,*,#1809,.T.);
#2512=ORIENTED_EDGE('',*,*,#1810,.T.);
#2513=ORIENTED_EDGE('',*,*,#1811,.T.);
#2514=ORIENTED_EDGE('',*,*,#1812,.T.);
#2515=ORIENTED_EDGE('',*,*,#1813,.T.);
#2516=ORIENTED_EDGE('',*,*,#1814,.T.);
#2517=ORIENTED_EDGE('',*,*,#1815,.T.);
#2518=ORIENTED_EDGE('',*,*,#1816,.T.);
#2519=ORIENTED_EDGE('',*,*,#1817,.T.);
#2520=ORIENTED_EDGE('',*,*,#1818,.T.);
#2521=ORIENTED_EDGE('',*,*,#1819,.T.);
#2522=ORIENTED_EDGE('',*,*,#1820,.T.);
#2523=ORIENTED_EDGE('',*,*,#1821,.T.);
#2524=ORIENTED_EDGE('',*,*,#1822,.T.);
#2525=ORIENTED_EDGE('',*,*,#1823,.T.);
#2526=ORIENTED_EDGE('',*,*,#1824,.T.);
#2527=ORIENTED_EDGE('',*,*,#1825,.T.);
#2528=ORIENTED_EDGE('',*,*,#1826,.T.);
#2529=ORIENTED_EDGE('',*,*,#1827,.F.);
#2530=ORIENTED_EDGE('',*,*,#1522,.F.);
#2531=ORIENTED_EDGE('',*,*,#1547,.T.);
#2532=ORIENTED_EDGE('',*,*,#1634,.F.);
#2533=ORIENTED_EDGE('',*,*,#1805,.F.);
#2534=ORIENTED_EDGE('',*,*,#1518,.F.);
#2535=ORIENTED_EDGE('',*,*,#1542,.T.);
#2536=ORIENTED_EDGE('',*,*,#1828,.T.);
#2537=ORIENTED_EDGE('',*,*,#1829,.T.);
#2538=ORIENTED_EDGE('',*,*,#1828,.F.);
#2539=ORIENTED_EDGE('',*,*,#1541,.T.);
#2540=ORIENTED_EDGE('',*,*,#1830,.F.);
#2541=ORIENTED_EDGE('',*,*,#1831,.T.);
#2542=ORIENTED_EDGE('',*,*,#1832,.T.);
#2543=ORIENTED_EDGE('',*,*,#1833,.T.);
#2544=ORIENTED_EDGE('',*,*,#1834,.T.);
#2545=ORIENTED_EDGE('',*,*,#1523,.T.);
#2546=ORIENTED_EDGE('',*,*,#1527,.T.);
#2547=ORIENTED_EDGE('',*,*,#1530,.T.);
#2548=ORIENTED_EDGE('',*,*,#1533,.T.);
#2549=ORIENTED_EDGE('',*,*,#1835,.T.);
#2550=ORIENTED_EDGE('',*,*,#1836,.T.);
#2551=ORIENTED_EDGE('',*,*,#1837,.T.);
#2552=ORIENTED_EDGE('',*,*,#1838,.T.);
#2553=ORIENTED_EDGE('',*,*,#1829,.F.);
#2554=ORIENTED_EDGE('',*,*,#1839,.T.);
#2555=ORIENTED_EDGE('',*,*,#1515,.T.);
#2556=ORIENTED_EDGE('',*,*,#1827,.T.);
#2557=ORIENTED_EDGE('',*,*,#1548,.T.);
#2558=ORIENTED_EDGE('',*,*,#1520,.F.);
#2559=ORIENTED_EDGE('',*,*,#1806,.F.);
#2560=ORIENTED_EDGE('',*,*,#1635,.T.);
#2561=ORIENTED_EDGE('',*,*,#1840,.F.);
#2562=ORIENTED_EDGE('',*,*,#1841,.F.);
#2563=ORIENTED_EDGE('',*,*,#1842,.F.);
#2564=ORIENTED_EDGE('',*,*,#1843,.F.);
#2565=ORIENTED_EDGE('',*,*,#1844,.F.);
#2566=ORIENTED_EDGE('',*,*,#1845,.F.);
#2567=ORIENTED_EDGE('',*,*,#1846,.F.);
#2568=ORIENTED_EDGE('',*,*,#1847,.F.);
#2569=ORIENTED_EDGE('',*,*,#1808,.F.);
#2570=ORIENTED_EDGE('',*,*,#1848,.T.);
#2571=ORIENTED_EDGE('',*,*,#1840,.T.);
#2572=ORIENTED_EDGE('',*,*,#1849,.F.);
#2573=ORIENTED_EDGE('',*,*,#1809,.F.);
#2574=ORIENTED_EDGE('',*,*,#1849,.T.);
#2575=ORIENTED_EDGE('',*,*,#1847,.T.);
#2576=ORIENTED_EDGE('',*,*,#1850,.F.);
#2577=ORIENTED_EDGE('',*,*,#1810,.F.);
#2578=ORIENTED_EDGE('',*,*,#1850,.T.);
#2579=ORIENTED_EDGE('',*,*,#1846,.T.);
#2580=ORIENTED_EDGE('',*,*,#1851,.F.);
#2581=ORIENTED_EDGE('',*,*,#1811,.F.);
#2582=ORIENTED_EDGE('',*,*,#1851,.T.);
#2583=ORIENTED_EDGE('',*,*,#1845,.T.);
#2584=ORIENTED_EDGE('',*,*,#1852,.F.);
#2585=ORIENTED_EDGE('',*,*,#1812,.F.);
#2586=ORIENTED_EDGE('',*,*,#1852,.T.);
#2587=ORIENTED_EDGE('',*,*,#1844,.T.);
#2588=ORIENTED_EDGE('',*,*,#1853,.F.);
#2589=ORIENTED_EDGE('',*,*,#1813,.F.);
#2590=ORIENTED_EDGE('',*,*,#1853,.T.);
#2591=ORIENTED_EDGE('',*,*,#1843,.T.);
#2592=ORIENTED_EDGE('',*,*,#1854,.F.);
#2593=ORIENTED_EDGE('',*,*,#1814,.F.);
#2594=ORIENTED_EDGE('',*,*,#1854,.T.);
#2595=ORIENTED_EDGE('',*,*,#1842,.T.);
#2596=ORIENTED_EDGE('',*,*,#1855,.F.);
#2597=ORIENTED_EDGE('',*,*,#1807,.F.);
#2598=ORIENTED_EDGE('',*,*,#1855,.T.);
#2599=ORIENTED_EDGE('',*,*,#1841,.T.);
#2600=ORIENTED_EDGE('',*,*,#1848,.F.);
#2601=ORIENTED_EDGE('',*,*,#1856,.F.);
#2602=ORIENTED_EDGE('',*,*,#1857,.F.);
#2603=ORIENTED_EDGE('',*,*,#1858,.F.);
#2604=ORIENTED_EDGE('',*,*,#1859,.F.);
#2605=ORIENTED_EDGE('',*,*,#1860,.F.);
#2606=ORIENTED_EDGE('',*,*,#1861,.F.);
#2607=ORIENTED_EDGE('',*,*,#1816,.F.);
#2608=ORIENTED_EDGE('',*,*,#1862,.T.);
#2609=ORIENTED_EDGE('',*,*,#1856,.T.);
#2610=ORIENTED_EDGE('',*,*,#1863,.F.);
#2611=ORIENTED_EDGE('',*,*,#1817,.F.);
#2612=ORIENTED_EDGE('',*,*,#1863,.T.);
#2613=ORIENTED_EDGE('',*,*,#1861,.T.);
#2614=ORIENTED_EDGE('',*,*,#1864,.F.);
#2615=ORIENTED_EDGE('',*,*,#1818,.F.);
#2616=ORIENTED_EDGE('',*,*,#1864,.T.);
#2617=ORIENTED_EDGE('',*,*,#1860,.T.);
#2618=ORIENTED_EDGE('',*,*,#1865,.F.);
#2619=ORIENTED_EDGE('',*,*,#1819,.F.);
#2620=ORIENTED_EDGE('',*,*,#1865,.T.);
#2621=ORIENTED_EDGE('',*,*,#1859,.T.);
#2622=ORIENTED_EDGE('',*,*,#1866,.F.);
#2623=ORIENTED_EDGE('',*,*,#1820,.F.);
#2624=ORIENTED_EDGE('',*,*,#1866,.T.);
#2625=ORIENTED_EDGE('',*,*,#1858,.T.);
#2626=ORIENTED_EDGE('',*,*,#1867,.F.);
#2627=ORIENTED_EDGE('',*,*,#1815,.F.);
#2628=ORIENTED_EDGE('',*,*,#1867,.T.);
#2629=ORIENTED_EDGE('',*,*,#1857,.T.);
#2630=ORIENTED_EDGE('',*,*,#1862,.F.);
#2631=ORIENTED_EDGE('',*,*,#1868,.F.);
#2632=ORIENTED_EDGE('',*,*,#1869,.F.);
#2633=ORIENTED_EDGE('',*,*,#1870,.F.);
#2634=ORIENTED_EDGE('',*,*,#1871,.F.);
#2635=ORIENTED_EDGE('',*,*,#1872,.F.);
#2636=ORIENTED_EDGE('',*,*,#1873,.F.);
#2637=ORIENTED_EDGE('',*,*,#1822,.F.);
#2638=ORIENTED_EDGE('',*,*,#1874,.T.);
#2639=ORIENTED_EDGE('',*,*,#1868,.T.);
#2640=ORIENTED_EDGE('',*,*,#1875,.F.);
#2641=ORIENTED_EDGE('',*,*,#1823,.F.);
#2642=ORIENTED_EDGE('',*,*,#1875,.T.);
#2643=ORIENTED_EDGE('',*,*,#1873,.T.);
#2644=ORIENTED_EDGE('',*,*,#1876,.F.);
#2645=ORIENTED_EDGE('',*,*,#1824,.F.);
#2646=ORIENTED_EDGE('',*,*,#1876,.T.);
#2647=ORIENTED_EDGE('',*,*,#1872,.T.);
#2648=ORIENTED_EDGE('',*,*,#1877,.F.);
#2649=ORIENTED_EDGE('',*,*,#1825,.F.);
#2650=ORIENTED_EDGE('',*,*,#1877,.T.);
#2651=ORIENTED_EDGE('',*,*,#1871,.T.);
#2652=ORIENTED_EDGE('',*,*,#1878,.F.);
#2653=ORIENTED_EDGE('',*,*,#1826,.F.);
#2654=ORIENTED_EDGE('',*,*,#1878,.T.);
#2655=ORIENTED_EDGE('',*,*,#1870,.T.);
#2656=ORIENTED_EDGE('',*,*,#1879,.F.);
#2657=ORIENTED_EDGE('',*,*,#1821,.F.);
#2658=ORIENTED_EDGE('',*,*,#1879,.T.);
#2659=ORIENTED_EDGE('',*,*,#1869,.T.);
#2660=ORIENTED_EDGE('',*,*,#1874,.F.);
#2661=ORIENTED_EDGE('',*,*,#1546,.F.);
#2662=ORIENTED_EDGE('',*,*,#1880,.T.);
#2663=ORIENTED_EDGE('',*,*,#1835,.F.);
#2664=ORIENTED_EDGE('',*,*,#1880,.F.);
#2665=ORIENTED_EDGE('',*,*,#1545,.F.);
#2666=ORIENTED_EDGE('',*,*,#1881,.T.);
#2667=ORIENTED_EDGE('',*,*,#1836,.F.);
#2668=ORIENTED_EDGE('',*,*,#1881,.F.);
#2669=ORIENTED_EDGE('',*,*,#1544,.F.);
#2670=ORIENTED_EDGE('',*,*,#1882,.T.);
#2671=ORIENTED_EDGE('',*,*,#1837,.F.);
#2672=ORIENTED_EDGE('',*,*,#1882,.F.);
#2673=ORIENTED_EDGE('',*,*,#1543,.F.);
#2674=ORIENTED_EDGE('',*,*,#1883,.T.);
#2675=ORIENTED_EDGE('',*,*,#1838,.F.);
#2676=ORIENTED_EDGE('',*,*,#1883,.F.);
#2677=ORIENTED_EDGE('',*,*,#1831,.F.);
#2678=ORIENTED_EDGE('',*,*,#1535,.F.);
#2679=ORIENTED_EDGE('',*,*,#1539,.F.);
#2680=ORIENTED_EDGE('',*,*,#1884,.F.);
#2681=ORIENTED_EDGE('',*,*,#1832,.F.);
#2682=ORIENTED_EDGE('',*,*,#1884,.T.);
#2683=ORIENTED_EDGE('',*,*,#1538,.F.);
#2684=ORIENTED_EDGE('',*,*,#1885,.T.);
#2685=ORIENTED_EDGE('',*,*,#1833,.F.);
#2686=ORIENTED_EDGE('',*,*,#1885,.F.);
#2687=ORIENTED_EDGE('',*,*,#1537,.F.);
#2688=ORIENTED_EDGE('',*,*,#1886,.F.);
#2689=ORIENTED_EDGE('',*,*,#1834,.F.);
#2690=ORIENTED_EDGE('',*,*,#1886,.T.);
#2691=ORIENTED_EDGE('',*,*,#1536,.F.);
#2692=ORIENTED_EDGE('',*,*,#1524,.T.);
#2693=ORIENTED_EDGE('',*,*,#1839,.F.);
#2694=ORIENTED_EDGE('',*,*,#1830,.T.);
#2695=ORIENTED_EDGE('',*,*,#1540,.F.);
#2696=ORIENTED_EDGE('',*,*,#1516,.F.);
#2697=ORIENTED_EDGE('',*,*,#1887,.F.);
#2698=ORIENTED_EDGE('',*,*,#1888,.F.);
#2699=ORIENTED_EDGE('',*,*,#1889,.F.);
#2700=ORIENTED_EDGE('',*,*,#1890,.F.);
#2701=ORIENTED_EDGE('',*,*,#1891,.F.);
#2702=ORIENTED_EDGE('',*,*,#1892,.F.);
#2703=ORIENTED_EDGE('',*,*,#1893,.F.);
#2704=ORIENTED_EDGE('',*,*,#1894,.F.);
#2705=ORIENTED_EDGE('',*,*,#1895,.F.);
#2706=ORIENTED_EDGE('',*,*,#1896,.F.);
#2707=ORIENTED_EDGE('',*,*,#1897,.F.);
#2708=ORIENTED_EDGE('',*,*,#1898,.F.);
#2709=ORIENTED_EDGE('',*,*,#1899,.F.);
#2710=ORIENTED_EDGE('',*,*,#1900,.F.);
#2711=ORIENTED_EDGE('',*,*,#1901,.F.);
#2712=ORIENTED_EDGE('',*,*,#1902,.F.);
#2713=ORIENTED_EDGE('',*,*,#1902,.T.);
#2714=ORIENTED_EDGE('',*,*,#1903,.T.);
#2715=ORIENTED_EDGE('',*,*,#1904,.T.);
#2716=ORIENTED_EDGE('',*,*,#1905,.T.);
#2717=ORIENTED_EDGE('',*,*,#1901,.T.);
#2718=ORIENTED_EDGE('',*,*,#1906,.F.);
#2719=ORIENTED_EDGE('',*,*,#1907,.F.);
#2720=ORIENTED_EDGE('',*,*,#1903,.F.);
#2721=ORIENTED_EDGE('',*,*,#1891,.T.);
#2722=ORIENTED_EDGE('',*,*,#1908,.F.);
#2723=ORIENTED_EDGE('',*,*,#1909,.F.);
#2724=ORIENTED_EDGE('',*,*,#1910,.F.);
#2725=ORIENTED_EDGE('',*,*,#1890,.T.);
#2726=ORIENTED_EDGE('',*,*,#1911,.T.);
#2727=ORIENTED_EDGE('',*,*,#1912,.T.);
#2728=ORIENTED_EDGE('',*,*,#1908,.T.);
#2729=ORIENTED_EDGE('',*,*,#1889,.T.);
#2730=ORIENTED_EDGE('',*,*,#1913,.F.);
#2731=ORIENTED_EDGE('',*,*,#1914,.F.);
#2732=ORIENTED_EDGE('',*,*,#1911,.F.);
#2733=ORIENTED_EDGE('',*,*,#1915,.T.);
#2734=ORIENTED_EDGE('',*,*,#1916,.T.);
#2735=ORIENTED_EDGE('',*,*,#1917,.T.);
#2736=ORIENTED_EDGE('',*,*,#1918,.T.);
#2737=ORIENTED_EDGE('',*,*,#1888,.T.);
#2738=ORIENTED_EDGE('',*,*,#1919,.T.);
#2739=ORIENTED_EDGE('',*,*,#1920,.T.);
#2740=ORIENTED_EDGE('',*,*,#1913,.T.);
#2741=ORIENTED_EDGE('',*,*,#1900,.T.);
#2742=ORIENTED_EDGE('',*,*,#1921,.F.);
#2743=ORIENTED_EDGE('',*,*,#1922,.T.);
#2744=ORIENTED_EDGE('',*,*,#1906,.T.);
#2745=ORIENTED_EDGE('',*,*,#1899,.T.);
#2746=ORIENTED_EDGE('',*,*,#1905,.F.);
#2747=ORIENTED_EDGE('',*,*,#1923,.T.);
#2748=ORIENTED_EDGE('',*,*,#1924,.T.);
#2749=ORIENTED_EDGE('',*,*,#1925,.T.);
#2750=ORIENTED_EDGE('',*,*,#1926,.T.);
#2751=ORIENTED_EDGE('',*,*,#1927,.T.);
#2752=ORIENTED_EDGE('',*,*,#1921,.T.);
#2753=ORIENTED_EDGE('',*,*,#1887,.T.);
#2754=ORIENTED_EDGE('',*,*,#1928,.F.);
#2755=ORIENTED_EDGE('',*,*,#1929,.F.);
#2756=ORIENTED_EDGE('',*,*,#1919,.F.);
#2757=ORIENTED_EDGE('',*,*,#1894,.T.);
#2758=ORIENTED_EDGE('',*,*,#1930,.T.);
#2759=ORIENTED_EDGE('',*,*,#1931,.T.);
#2760=ORIENTED_EDGE('',*,*,#1928,.T.);
#2761=ORIENTED_EDGE('',*,*,#1893,.T.);
#2762=ORIENTED_EDGE('',*,*,#1932,.F.);
#2763=ORIENTED_EDGE('',*,*,#1933,.F.);
#2764=ORIENTED_EDGE('',*,*,#1930,.F.);
#2765=ORIENTED_EDGE('',*,*,#1892,.T.);
#2766=ORIENTED_EDGE('',*,*,#1910,.T.);
#2767=ORIENTED_EDGE('',*,*,#1934,.T.);
#2768=ORIENTED_EDGE('',*,*,#1932,.T.);
#2769=ORIENTED_EDGE('',*,*,#1920,.F.);
#2770=ORIENTED_EDGE('',*,*,#1929,.T.);
#2771=ORIENTED_EDGE('',*,*,#1931,.F.);
#2772=ORIENTED_EDGE('',*,*,#1933,.T.);
#2773=ORIENTED_EDGE('',*,*,#1934,.F.);
#2774=ORIENTED_EDGE('',*,*,#1909,.T.);
#2775=ORIENTED_EDGE('',*,*,#1912,.F.);
#2776=ORIENTED_EDGE('',*,*,#1914,.T.);
#2777=ORIENTED_EDGE('',*,*,#1935,.F.);
#2778=ORIENTED_EDGE('',*,*,#1936,.F.);
#2779=ORIENTED_EDGE('',*,*,#1937,.F.);
#2780=ORIENTED_EDGE('',*,*,#1938,.F.);
#2781=ORIENTED_EDGE('',*,*,#1916,.F.);
#2782=ORIENTED_EDGE('',*,*,#1939,.T.);
#2783=ORIENTED_EDGE('',*,*,#1940,.T.);
#2784=ORIENTED_EDGE('',*,*,#1941,.F.);
#2785=ORIENTED_EDGE('',*,*,#1942,.F.);
#2786=ORIENTED_EDGE('',*,*,#1926,.F.);
#2787=ORIENTED_EDGE('',*,*,#1943,.F.);
#2788=ORIENTED_EDGE('',*,*,#1917,.F.);
#2789=ORIENTED_EDGE('',*,*,#1941,.T.);
#2790=ORIENTED_EDGE('',*,*,#1944,.T.);
#2791=ORIENTED_EDGE('',*,*,#1925,.F.);
#2792=ORIENTED_EDGE('',*,*,#1945,.F.);
#2793=ORIENTED_EDGE('',*,*,#1918,.F.);
#2794=ORIENTED_EDGE('',*,*,#1943,.T.);
#2795=ORIENTED_EDGE('',*,*,#1946,.F.);
#2796=ORIENTED_EDGE('',*,*,#1947,.T.);
#2797=ORIENTED_EDGE('',*,*,#1939,.F.);
#2798=ORIENTED_EDGE('',*,*,#1915,.F.);
#2799=ORIENTED_EDGE('',*,*,#1945,.T.);
#2800=ORIENTED_EDGE('',*,*,#1924,.F.);
#2801=ORIENTED_EDGE('',*,*,#1948,.F.);
#2802=ORIENTED_EDGE('',*,*,#1944,.F.);
#2803=ORIENTED_EDGE('',*,*,#1940,.F.);
#2804=ORIENTED_EDGE('',*,*,#1947,.F.);
#2805=ORIENTED_EDGE('',*,*,#1907,.T.);
#2806=ORIENTED_EDGE('',*,*,#1922,.F.);
#2807=ORIENTED_EDGE('',*,*,#1927,.F.);
#2808=ORIENTED_EDGE('',*,*,#1942,.T.);
#2809=ORIENTED_EDGE('',*,*,#1948,.T.);
#2810=ORIENTED_EDGE('',*,*,#1946,.T.);
#2811=ORIENTED_EDGE('',*,*,#1923,.F.);
#2812=ORIENTED_EDGE('',*,*,#1904,.F.);
#2813=ORIENTED_EDGE('',*,*,#1898,.T.);
#2814=ORIENTED_EDGE('',*,*,#1949,.T.);
#2815=ORIENTED_EDGE('',*,*,#1938,.T.);
#2816=ORIENTED_EDGE('',*,*,#1949,.F.);
#2817=ORIENTED_EDGE('',*,*,#1897,.T.);
#2818=ORIENTED_EDGE('',*,*,#1950,.T.);
#2819=ORIENTED_EDGE('',*,*,#1937,.T.);
#2820=ORIENTED_EDGE('',*,*,#1950,.F.);
#2821=ORIENTED_EDGE('',*,*,#1896,.T.);
#2822=ORIENTED_EDGE('',*,*,#1951,.T.);
#2823=ORIENTED_EDGE('',*,*,#1936,.T.);
#2824=ORIENTED_EDGE('',*,*,#1951,.F.);
#2825=ORIENTED_EDGE('',*,*,#1895,.T.);
#2826=ORIENTED_EDGE('',*,*,#1952,.T.);
#2827=ORIENTED_EDGE('',*,*,#1935,.T.);
#2828=ORIENTED_EDGE('',*,*,#1952,.F.);
#2829=PLANE('',#3072);
#2830=PLANE('',#3073);
#2831=PLANE('',#3077);
#2832=PLANE('',#3081);
#2833=PLANE('',#3088);
#2834=PLANE('',#3129);
#2835=PLANE('',#3132);
#2836=PLANE('',#3135);
#2837=PLANE('',#3138);
#2838=PLANE('',#3141);
#2839=PLANE('',#3144);
#2840=PLANE('',#3147);
#2841=PLANE('',#3150);
#2842=PLANE('',#3153);
#2843=PLANE('',#3156);
#2844=PLANE('',#3159);
#2845=PLANE('',#3162);
#2846=PLANE('',#3165);
#2847=PLANE('',#3168);
#2848=PLANE('',#3171);
#2849=PLANE('',#3174);
#2850=PLANE('',#3177);
#2851=PLANE('',#3180);
#2852=PLANE('',#3183);
#2853=PLANE('',#3186);
#2854=PLANE('',#3189);
#2855=PLANE('',#3192);
#2856=PLANE('',#3195);
#2857=PLANE('',#3198);
#2858=PLANE('',#3201);
#2859=PLANE('',#3204);
#2860=PLANE('',#3207);
#2861=PLANE('',#3210);
#2862=PLANE('',#3213);
#2863=PLANE('',#3216);
#2864=PLANE('',#3219);
#2865=PLANE('',#3222);
#2866=PLANE('',#3225);
#2867=PLANE('',#3228);
#2868=PLANE('',#3231);
#2869=PLANE('',#3234);
#2870=PLANE('',#3237);
#2871=PLANE('',#3240);
#2872=PLANE('',#3243);
#2873=PLANE('',#3246);
#2874=PLANE('',#3249);
#2875=PLANE('',#3250);
#2876=PLANE('',#3251);
#2877=PLANE('',#3252);
#2878=PLANE('',#3253);
#2879=PLANE('',#3254);
#2880=PLANE('',#3255);
#2881=PLANE('',#3256);
#2882=PLANE('',#3257);
#2883=PLANE('',#3264);
#2884=PLANE('',#3265);
#2885=PLANE('',#3266);
#2886=PLANE('',#3267);
#2887=PLANE('',#3268);
#2888=PLANE('',#3269);
#2889=PLANE('',#3270);
#2890=PLANE('',#3271);
#2891=PLANE('',#3272);
#2892=PLANE('',#3273);
#2893=PLANE('',#3274);
#2894=PLANE('',#3275);
#2895=PLANE('',#3276);
#2896=PLANE('',#3277);
#2897=PLANE('',#3282);
#2898=PLANE('',#3284);
#2899=PLANE('',#3286);
#2900=PLANE('',#3287);
#2901=PLANE('',#3296);
#2902=PLANE('',#3297);
#2903=PLANE('',#3298);
#2904=PLANE('',#3301);
#2905=PLANE('',#3304);
#2906=PLANE('',#3305);
#2907=PLANE('',#3306);
#2908=PLANE('',#3309);
#2909=PLANE('',#3312);
#2910=PLANE('',#3317);
#2911=PLANE('',#3318);
#2912=PLANE('',#3319);
#2913=PLANE('',#3320);
#2914=PLANE('',#3321);
#2915=PLANE('',#3322);
#2916=ADVANCED_FACE('',(#260),#2829,.T.);
#2917=ADVANCED_FACE('',(#261),#2830,.T.);
#2918=ADVANCED_FACE('',(#262),#204,.T.);
#2919=ADVANCED_FACE('',(#263),#2831,.T.);
#2920=ADVANCED_FACE('',(#264),#205,.T.);
#2921=ADVANCED_FACE('',(#265,#47,#48,#49,#50,#51),#2832,.T.);
#2922=ADVANCED_FACE('',(#266,#52,#53,#54,#55,#56,#57,#58,#59,#60,#61,#62),
#2833,.F.);
#2923=ADVANCED_FACE('',(#267),#2834,.T.);
#2924=ADVANCED_FACE('',(#268),#206,.F.);
#2925=ADVANCED_FACE('',(#269),#2835,.T.);
#2926=ADVANCED_FACE('',(#270),#207,.F.);
#2927=ADVANCED_FACE('',(#271),#2836,.T.);
#2928=ADVANCED_FACE('',(#272),#208,.F.);
#2929=ADVANCED_FACE('',(#273),#2837,.T.);
#2930=ADVANCED_FACE('',(#274),#209,.F.);
#2931=ADVANCED_FACE('',(#275),#2838,.T.);
#2932=ADVANCED_FACE('',(#276),#210,.F.);
#2933=ADVANCED_FACE('',(#277),#2839,.T.);
#2934=ADVANCED_FACE('',(#278),#211,.F.);
#2935=ADVANCED_FACE('',(#279),#2840,.T.);
#2936=ADVANCED_FACE('',(#280),#212,.F.);
#2937=ADVANCED_FACE('',(#281),#2841,.T.);
#2938=ADVANCED_FACE('',(#282),#213,.F.);
#2939=ADVANCED_FACE('',(#283),#2842,.T.);
#2940=ADVANCED_FACE('',(#284),#214,.F.);
#2941=ADVANCED_FACE('',(#285),#2843,.T.);
#2942=ADVANCED_FACE('',(#286),#215,.F.);
#2943=ADVANCED_FACE('',(#287),#2844,.T.);
#2944=ADVANCED_FACE('',(#288),#216,.F.);
#2945=ADVANCED_FACE('',(#289),#2845,.T.);
#2946=ADVANCED_FACE('',(#290),#217,.F.);
#2947=ADVANCED_FACE('',(#291),#2846,.T.);
#2948=ADVANCED_FACE('',(#292),#218,.F.);
#2949=ADVANCED_FACE('',(#293),#2847,.T.);
#2950=ADVANCED_FACE('',(#294),#219,.F.);
#2951=ADVANCED_FACE('',(#295),#2848,.T.);
#2952=ADVANCED_FACE('',(#296),#220,.F.);
#2953=ADVANCED_FACE('',(#297),#2849,.T.);
#2954=ADVANCED_FACE('',(#298),#221,.F.);
#2955=ADVANCED_FACE('',(#299),#2850,.T.);
#2956=ADVANCED_FACE('',(#300),#222,.F.);
#2957=ADVANCED_FACE('',(#301),#2851,.T.);
#2958=ADVANCED_FACE('',(#302),#223,.F.);
#2959=ADVANCED_FACE('',(#303),#2852,.T.);
#2960=ADVANCED_FACE('',(#304),#224,.F.);
#2961=ADVANCED_FACE('',(#305),#2853,.T.);
#2962=ADVANCED_FACE('',(#306),#225,.F.);
#2963=ADVANCED_FACE('',(#307),#2854,.T.);
#2964=ADVANCED_FACE('',(#308),#226,.F.);
#2965=ADVANCED_FACE('',(#309),#2855,.T.);
#2966=ADVANCED_FACE('',(#310),#227,.F.);
#2967=ADVANCED_FACE('',(#311),#2856,.T.);
#2968=ADVANCED_FACE('',(#312),#228,.F.);
#2969=ADVANCED_FACE('',(#313),#2857,.T.);
#2970=ADVANCED_FACE('',(#314),#229,.F.);
#2971=ADVANCED_FACE('',(#315),#2858,.T.);
#2972=ADVANCED_FACE('',(#316),#230,.F.);
#2973=ADVANCED_FACE('',(#317),#2859,.T.);
#2974=ADVANCED_FACE('',(#318),#231,.F.);
#2975=ADVANCED_FACE('',(#319),#2860,.T.);
#2976=ADVANCED_FACE('',(#320),#232,.F.);
#2977=ADVANCED_FACE('',(#321),#2861,.T.);
#2978=ADVANCED_FACE('',(#322),#233,.F.);
#2979=ADVANCED_FACE('',(#323),#2862,.T.);
#2980=ADVANCED_FACE('',(#324),#234,.F.);
#2981=ADVANCED_FACE('',(#325),#2863,.T.);
#2982=ADVANCED_FACE('',(#326),#235,.F.);
#2983=ADVANCED_FACE('',(#327),#2864,.T.);
#2984=ADVANCED_FACE('',(#328),#236,.F.);
#2985=ADVANCED_FACE('',(#329),#2865,.T.);
#2986=ADVANCED_FACE('',(#330),#237,.F.);
#2987=ADVANCED_FACE('',(#331),#2866,.T.);
#2988=ADVANCED_FACE('',(#332),#238,.F.);
#2989=ADVANCED_FACE('',(#333),#2867,.T.);
#2990=ADVANCED_FACE('',(#334),#239,.F.);
#2991=ADVANCED_FACE('',(#335),#2868,.T.);
#2992=ADVANCED_FACE('',(#336),#240,.F.);
#2993=ADVANCED_FACE('',(#337),#2869,.T.);
#2994=ADVANCED_FACE('',(#338),#241,.F.);
#2995=ADVANCED_FACE('',(#339),#2870,.T.);
#2996=ADVANCED_FACE('',(#340),#242,.F.);
#2997=ADVANCED_FACE('',(#341),#2871,.T.);
#2998=ADVANCED_FACE('',(#342),#243,.F.);
#2999=ADVANCED_FACE('',(#343),#2872,.T.);
#3000=ADVANCED_FACE('',(#344),#244,.F.);
#3001=ADVANCED_FACE('',(#345),#2873,.T.);
#3002=ADVANCED_FACE('',(#346),#245,.F.);
#3003=ADVANCED_FACE('',(#347),#2874,.T.);
#3004=ADVANCED_FACE('',(#348),#2875,.F.);
#3005=ADVANCED_FACE('',(#349),#2876,.F.);
#3006=ADVANCED_FACE('',(#350),#2877,.F.);
#3007=ADVANCED_FACE('',(#351),#2878,.F.);
#3008=ADVANCED_FACE('',(#352,#63,#64,#65,#66,#67,#68,#69,#70,#71,#72,#73,
#74,#75,#76),#2879,.T.);
#3009=ADVANCED_FACE('',(#353),#2880,.T.);
#3010=ADVANCED_FACE('',(#354),#2881,.T.);
#3011=ADVANCED_FACE('',(#355,#77,#78,#79,#80,#81),#2882,.T.);
#3012=ADVANCED_FACE('',(#356),#2883,.T.);
#3013=ADVANCED_FACE('',(#357),#2884,.T.);
#3014=ADVANCED_FACE('',(#358),#2885,.F.);
#3015=ADVANCED_FACE('',(#359),#17,.F.);
#3016=ADVANCED_FACE('',(#360),#18,.F.);
#3017=ADVANCED_FACE('',(#361),#19,.F.);
#3018=ADVANCED_FACE('',(#362),#20,.F.);
#3019=ADVANCED_FACE('',(#363),#2886,.F.);
#3020=ADVANCED_FACE('',(#364),#2887,.F.);
#3021=ADVANCED_FACE('',(#365),#2888,.F.);
#3022=ADVANCED_FACE('',(#366),#2889,.T.);
#3023=ADVANCED_FACE('',(#367),#21,.F.);
#3024=ADVANCED_FACE('',(#368),#2890,.F.);
#3025=ADVANCED_FACE('',(#369),#2891,.F.);
#3026=ADVANCED_FACE('',(#370),#2892,.F.);
#3027=ADVANCED_FACE('',(#371),#22,.F.);
#3028=ADVANCED_FACE('',(#372),#23,.F.);
#3029=ADVANCED_FACE('',(#373),#2893,.T.);
#3030=ADVANCED_FACE('',(#374),#2894,.F.);
#3031=ADVANCED_FACE('',(#375),#24,.F.);
#3032=ADVANCED_FACE('',(#376),#25,.F.);
#3033=ADVANCED_FACE('',(#377),#26,.F.);
#3034=ADVANCED_FACE('',(#378),#2895,.F.);
#3035=ADVANCED_FACE('',(#379),#2896,.F.);
#3036=ADVANCED_FACE('',(#380),#246,.F.);
#3037=ADVANCED_FACE('',(#381),#247,.F.);
#3038=ADVANCED_FACE('',(#382),#248,.F.);
#3039=ADVANCED_FACE('',(#383),#249,.F.);
#3040=ADVANCED_FACE('',(#384),#2897,.T.);
#3041=ADVANCED_FACE('',(#385),#250,.T.);
#3042=ADVANCED_FACE('',(#386),#2898,.T.);
#3043=ADVANCED_FACE('',(#387),#251,.T.);
#3044=ADVANCED_FACE('',(#388),#2899,.T.);
#3045=ADVANCED_FACE('',(#389,#82,#83,#84,#85,#86),#2900,.F.);
#3046=ADVANCED_FACE('',(#390),#2901,.T.);
#3047=ADVANCED_FACE('',(#391),#2902,.T.);
#3048=ADVANCED_FACE('',(#392),#2903,.T.);
#3049=ADVANCED_FACE('',(#393),#252,.T.);
#3050=ADVANCED_FACE('',(#394,#87),#2904,.T.);
#3051=ADVANCED_FACE('',(#395),#253,.T.);
#3052=ADVANCED_FACE('',(#396),#2905,.T.);
#3053=ADVANCED_FACE('',(#397),#2906,.T.);
#3054=ADVANCED_FACE('',(#398),#2907,.T.);
#3055=ADVANCED_FACE('',(#399),#254,.T.);
#3056=ADVANCED_FACE('',(#400),#2908,.T.);
#3057=ADVANCED_FACE('',(#401),#255,.T.);
#3058=ADVANCED_FACE('',(#402,#88,#89,#90,#91),#2909,.F.);
#3059=ADVANCED_FACE('',(#403),#2910,.F.);
#3060=ADVANCED_FACE('',(#404),#2911,.F.);
#3061=ADVANCED_FACE('',(#405),#2912,.F.);
#3062=ADVANCED_FACE('',(#406),#2913,.F.);
#3063=ADVANCED_FACE('',(#407),#2914,.F.);
#3064=ADVANCED_FACE('',(#408),#2915,.T.);
#3065=ADVANCED_FACE('',(#409),#256,.F.);
#3066=ADVANCED_FACE('',(#410),#257,.F.);
#3067=ADVANCED_FACE('',(#411),#258,.F.);
#3068=ADVANCED_FACE('',(#412),#259,.F.);
#3069=CLOSED_SHELL('',(#2916,#2917,#2918,#2919,#2920,#2921,#2922,#2923,
#2924,#2925,#2926,#2927,#2928,#2929,#2930,#2931,#2932,#2933,#2934,#2935,
#2936,#2937,#2938,#2939,#2940,#2941,#2942,#2943,#2944,#2945,#2946,#2947,
#2948,#2949,#2950,#2951,#2952,#2953,#2954,#2955,#2956,#2957,#2958,#2959,
#2960,#2961,#2962,#2963,#2964,#2965,#2966,#2967,#2968,#2969,#2970,#2971,
#2972,#2973,#2974,#2975,#2976,#2977,#2978,#2979,#2980,#2981,#2982,#2983,
#2984,#2985,#2986,#2987,#2988,#2989,#2990,#2991,#2992,#2993,#2994,#2995,
#2996,#2997,#2998,#2999,#3000,#3001,#3002,#3003,#3004,#3005,#3006,#3007,
#3008,#3009,#3010,#3011,#3012,#3013,#3014,#3015,#3016,#3017,#3018,#3019,
#3020,#3021,#3022,#3023,#3024,#3025,#3026,#3027,#3028,#3029,#3030,#3031,
#3032,#3033,#3034,#3035,#3036,#3037,#3038,#3039,#3040,#3041,#3042,#3043,
#3044));
#3070=CLOSED_SHELL('',(#3045,#3046,#3047,#3048,#3049,#3050,#3051,#3052,
#3053,#3054,#3055,#3056,#3057,#3058,#3059,#3060,#3061,#3062,#3063,#3064,
#3065,#3066,#3067,#3068));
#3071=AXIS2_PLACEMENT_3D('',#4145,#3327,#3328);
#3072=AXIS2_PLACEMENT_3D('',#4146,#3329,#3330);
#3073=AXIS2_PLACEMENT_3D('',#4163,#3339,#3340);
#3074=AXIS2_PLACEMENT_3D('',#4172,#3345,#3346);
#3075=AXIS2_PLACEMENT_3D('',#4174,#3347,#3348);
#3076=AXIS2_PLACEMENT_3D('',#4176,#3349,#3350);
#3077=AXIS2_PLACEMENT_3D('',#4178,#3352,#3353);
#3078=AXIS2_PLACEMENT_3D('',#4184,#3357,#3358);
#3079=AXIS2_PLACEMENT_3D('',#4186,#3359,#3360);
#3080=AXIS2_PLACEMENT_3D('',#4188,#3361,#3362);
#3081=AXIS2_PLACEMENT_3D('',#4190,#3364,#3365);
#3082=AXIS2_PLACEMENT_3D('',#4192,#3366,#3367);
#3083=AXIS2_PLACEMENT_3D('',#4196,#3369,#3370);
#3084=AXIS2_PLACEMENT_3D('',#4204,#3375,#3376);
#3085=AXIS2_PLACEMENT_3D('',#4206,#3377,#3378);
#3086=AXIS2_PLACEMENT_3D('',#4208,#3379,#3380);
#3087=AXIS2_PLACEMENT_3D('',#4210,#3381,#3382);
#3088=AXIS2_PLACEMENT_3D('',#4211,#3383,#3384);
#3089=AXIS2_PLACEMENT_3D('',#4227,#3392,#3393);
#3090=AXIS2_PLACEMENT_3D('',#4231,#3395,#3396);
#3091=AXIS2_PLACEMENT_3D('',#4235,#3398,#3399);
#3092=AXIS2_PLACEMENT_3D('',#4239,#3401,#3402);
#3093=AXIS2_PLACEMENT_3D('',#4243,#3404,#3405);
#3094=AXIS2_PLACEMENT_3D('',#4247,#3407,#3408);
#3095=AXIS2_PLACEMENT_3D('',#4251,#3410,#3411);
#3096=AXIS2_PLACEMENT_3D('',#4255,#3413,#3414);
#3097=AXIS2_PLACEMENT_3D('',#4259,#3416,#3417);
#3098=AXIS2_PLACEMENT_3D('',#4263,#3419,#3420);
#3099=AXIS2_PLACEMENT_3D('',#4267,#3422,#3423);
#3100=AXIS2_PLACEMENT_3D('',#4271,#3425,#3426);
#3101=AXIS2_PLACEMENT_3D('',#4275,#3428,#3429);
#3102=AXIS2_PLACEMENT_3D('',#4279,#3431,#3432);
#3103=AXIS2_PLACEMENT_3D('',#4283,#3434,#3435);
#3104=AXIS2_PLACEMENT_3D('',#4287,#3437,#3438);
#3105=AXIS2_PLACEMENT_3D('',#4291,#3440,#3441);
#3106=AXIS2_PLACEMENT_3D('',#4295,#3443,#3444);
#3107=AXIS2_PLACEMENT_3D('',#4299,#3446,#3447);
#3108=AXIS2_PLACEMENT_3D('',#4303,#3449,#3450);
#3109=AXIS2_PLACEMENT_3D('',#4307,#3452,#3453);
#3110=AXIS2_PLACEMENT_3D('',#4311,#3455,#3456);
#3111=AXIS2_PLACEMENT_3D('',#4315,#3458,#3459);
#3112=AXIS2_PLACEMENT_3D('',#4319,#3461,#3462);
#3113=AXIS2_PLACEMENT_3D('',#4323,#3464,#3465);
#3114=AXIS2_PLACEMENT_3D('',#4327,#3467,#3468);
#3115=AXIS2_PLACEMENT_3D('',#4331,#3470,#3471);
#3116=AXIS2_PLACEMENT_3D('',#4335,#3473,#3474);
#3117=AXIS2_PLACEMENT_3D('',#4339,#3476,#3477);
#3118=AXIS2_PLACEMENT_3D('',#4343,#3479,#3480);
#3119=AXIS2_PLACEMENT_3D('',#4347,#3482,#3483);
#3120=AXIS2_PLACEMENT_3D('',#4351,#3485,#3486);
#3121=AXIS2_PLACEMENT_3D('',#4355,#3488,#3489);
#3122=AXIS2_PLACEMENT_3D('',#4359,#3491,#3492);
#3123=AXIS2_PLACEMENT_3D('',#4363,#3494,#3495);
#3124=AXIS2_PLACEMENT_3D('',#4367,#3497,#3498);
#3125=AXIS2_PLACEMENT_3D('',#4371,#3500,#3501);
#3126=AXIS2_PLACEMENT_3D('',#4375,#3503,#3504);
#3127=AXIS2_PLACEMENT_3D('',#4379,#3506,#3507);
#3128=AXIS2_PLACEMENT_3D('',#4383,#3509,#3510);
#3129=AXIS2_PLACEMENT_3D('',#4385,#3512,#3513);
#3130=AXIS2_PLACEMENT_3D('',#4391,#3517,#3518);
#3131=AXIS2_PLACEMENT_3D('',#4395,#3520,#3521);
#3132=AXIS2_PLACEMENT_3D('',#4397,#3523,#3524);
#3133=AXIS2_PLACEMENT_3D('',#4401,#3527,#3528);
#3134=AXIS2_PLACEMENT_3D('',#4404,#3530,#3531);
#3135=AXIS2_PLACEMENT_3D('',#4405,#3532,#3533);
#3136=AXIS2_PLACEMENT_3D('',#4409,#3536,#3537);
#3137=AXIS2_PLACEMENT_3D('',#4412,#3539,#3540);
#3138=AXIS2_PLACEMENT_3D('',#4413,#3541,#3542);
#3139=AXIS2_PLACEMENT_3D('',#4417,#3545,#3546);
#3140=AXIS2_PLACEMENT_3D('',#4420,#3548,#3549);
#3141=AXIS2_PLACEMENT_3D('',#4421,#3550,#3551);
#3142=AXIS2_PLACEMENT_3D('',#4423,#3553,#3554);
#3143=AXIS2_PLACEMENT_3D('',#4427,#3556,#3557);
#3144=AXIS2_PLACEMENT_3D('',#4429,#3559,#3560);
#3145=AXIS2_PLACEMENT_3D('',#4433,#3563,#3564);
#3146=AXIS2_PLACEMENT_3D('',#4436,#3566,#3567);
#3147=AXIS2_PLACEMENT_3D('',#4437,#3568,#3569);
#3148=AXIS2_PLACEMENT_3D('',#4441,#3572,#3573);
#3149=AXIS2_PLACEMENT_3D('',#4444,#3575,#3576);
#3150=AXIS2_PLACEMENT_3D('',#4445,#3577,#3578);
#3151=AXIS2_PLACEMENT_3D('',#4449,#3581,#3582);
#3152=AXIS2_PLACEMENT_3D('',#4452,#3584,#3585);
#3153=AXIS2_PLACEMENT_3D('',#4453,#3586,#3587);
#3154=AXIS2_PLACEMENT_3D('',#4455,#3589,#3590);
#3155=AXIS2_PLACEMENT_3D('',#4459,#3592,#3593);
#3156=AXIS2_PLACEMENT_3D('',#4461,#3595,#3596);
#3157=AXIS2_PLACEMENT_3D('',#4465,#3599,#3600);
#3158=AXIS2_PLACEMENT_3D('',#4468,#3602,#3603);
#3159=AXIS2_PLACEMENT_3D('',#4469,#3604,#3605);
#3160=AXIS2_PLACEMENT_3D('',#4473,#3608,#3609);
#3161=AXIS2_PLACEMENT_3D('',#4476,#3611,#3612);
#3162=AXIS2_PLACEMENT_3D('',#4477,#3613,#3614);
#3163=AXIS2_PLACEMENT_3D('',#4481,#3617,#3618);
#3164=AXIS2_PLACEMENT_3D('',#4484,#3620,#3621);
#3165=AXIS2_PLACEMENT_3D('',#4485,#3622,#3623);
#3166=AXIS2_PLACEMENT_3D('',#4487,#3625,#3626);
#3167=AXIS2_PLACEMENT_3D('',#4491,#3628,#3629);
#3168=AXIS2_PLACEMENT_3D('',#4493,#3631,#3632);
#3169=AXIS2_PLACEMENT_3D('',#4497,#3635,#3636);
#3170=AXIS2_PLACEMENT_3D('',#4500,#3638,#3639);
#3171=AXIS2_PLACEMENT_3D('',#4501,#3640,#3641);
#3172=AXIS2_PLACEMENT_3D('',#4505,#3644,#3645);
#3173=AXIS2_PLACEMENT_3D('',#4508,#3647,#3648);
#3174=AXIS2_PLACEMENT_3D('',#4509,#3649,#3650);
#3175=AXIS2_PLACEMENT_3D('',#4513,#3653,#3654);
#3176=AXIS2_PLACEMENT_3D('',#4516,#3656,#3657);
#3177=AXIS2_PLACEMENT_3D('',#4517,#3658,#3659);
#3178=AXIS2_PLACEMENT_3D('',#4519,#3661,#3662);
#3179=AXIS2_PLACEMENT_3D('',#4523,#3664,#3665);
#3180=AXIS2_PLACEMENT_3D('',#4525,#3667,#3668);
#3181=AXIS2_PLACEMENT_3D('',#4529,#3671,#3672);
#3182=AXIS2_PLACEMENT_3D('',#4532,#3674,#3675);
#3183=AXIS2_PLACEMENT_3D('',#4533,#3676,#3677);
#3184=AXIS2_PLACEMENT_3D('',#4537,#3680,#3681);
#3185=AXIS2_PLACEMENT_3D('',#4540,#3683,#3684);
#3186=AXIS2_PLACEMENT_3D('',#4541,#3685,#3686);
#3187=AXIS2_PLACEMENT_3D('',#4545,#3689,#3690);
#3188=AXIS2_PLACEMENT_3D('',#4548,#3692,#3693);
#3189=AXIS2_PLACEMENT_3D('',#4549,#3694,#3695);
#3190=AXIS2_PLACEMENT_3D('',#4551,#3697,#3698);
#3191=AXIS2_PLACEMENT_3D('',#4555,#3700,#3701);
#3192=AXIS2_PLACEMENT_3D('',#4557,#3703,#3704);
#3193=AXIS2_PLACEMENT_3D('',#4561,#3707,#3708);
#3194=AXIS2_PLACEMENT_3D('',#4564,#3710,#3711);
#3195=AXIS2_PLACEMENT_3D('',#4565,#3712,#3713);
#3196=AXIS2_PLACEMENT_3D('',#4569,#3716,#3717);
#3197=AXIS2_PLACEMENT_3D('',#4572,#3719,#3720);
#3198=AXIS2_PLACEMENT_3D('',#4573,#3721,#3722);
#3199=AXIS2_PLACEMENT_3D('',#4577,#3725,#3726);
#3200=AXIS2_PLACEMENT_3D('',#4580,#3728,#3729);
#3201=AXIS2_PLACEMENT_3D('',#4581,#3730,#3731);
#3202=AXIS2_PLACEMENT_3D('',#4583,#3733,#3734);
#3203=AXIS2_PLACEMENT_3D('',#4587,#3736,#3737);
#3204=AXIS2_PLACEMENT_3D('',#4589,#3739,#3740);
#3205=AXIS2_PLACEMENT_3D('',#4593,#3743,#3744);
#3206=AXIS2_PLACEMENT_3D('',#4596,#3746,#3747);
#3207=AXIS2_PLACEMENT_3D('',#4597,#3748,#3749);
#3208=AXIS2_PLACEMENT_3D('',#4601,#3752,#3753);
#3209=AXIS2_PLACEMENT_3D('',#4604,#3755,#3756);
#3210=AXIS2_PLACEMENT_3D('',#4605,#3757,#3758);
#3211=AXIS2_PLACEMENT_3D('',#4609,#3761,#3762);
#3212=AXIS2_PLACEMENT_3D('',#4612,#3764,#3765);
#3213=AXIS2_PLACEMENT_3D('',#4613,#3766,#3767);
#3214=AXIS2_PLACEMENT_3D('',#4615,#3769,#3770);
#3215=AXIS2_PLACEMENT_3D('',#4619,#3772,#3773);
#3216=AXIS2_PLACEMENT_3D('',#4621,#3775,#3776);
#3217=AXIS2_PLACEMENT_3D('',#4625,#3779,#3780);
#3218=AXIS2_PLACEMENT_3D('',#4628,#3782,#3783);
#3219=AXIS2_PLACEMENT_3D('',#4629,#3784,#3785);
#3220=AXIS2_PLACEMENT_3D('',#4633,#3788,#3789);
#3221=AXIS2_PLACEMENT_3D('',#4636,#3791,#3792);
#3222=AXIS2_PLACEMENT_3D('',#4637,#3793,#3794);
#3223=AXIS2_PLACEMENT_3D('',#4641,#3797,#3798);
#3224=AXIS2_PLACEMENT_3D('',#4644,#3800,#3801);
#3225=AXIS2_PLACEMENT_3D('',#4645,#3802,#3803);
#3226=AXIS2_PLACEMENT_3D('',#4647,#3805,#3806);
#3227=AXIS2_PLACEMENT_3D('',#4651,#3808,#3809);
#3228=AXIS2_PLACEMENT_3D('',#4653,#3811,#3812);
#3229=AXIS2_PLACEMENT_3D('',#4657,#3815,#3816);
#3230=AXIS2_PLACEMENT_3D('',#4660,#3818,#3819);
#3231=AXIS2_PLACEMENT_3D('',#4661,#3820,#3821);
#3232=AXIS2_PLACEMENT_3D('',#4665,#3824,#3825);
#3233=AXIS2_PLACEMENT_3D('',#4668,#3827,#3828);
#3234=AXIS2_PLACEMENT_3D('',#4669,#3829,#3830);
#3235=AXIS2_PLACEMENT_3D('',#4673,#3833,#3834);
#3236=AXIS2_PLACEMENT_3D('',#4676,#3836,#3837);
#3237=AXIS2_PLACEMENT_3D('',#4677,#3838,#3839);
#3238=AXIS2_PLACEMENT_3D('',#4679,#3841,#3842);
#3239=AXIS2_PLACEMENT_3D('',#4683,#3844,#3845);
#3240=AXIS2_PLACEMENT_3D('',#4685,#3847,#3848);
#3241=AXIS2_PLACEMENT_3D('',#4689,#3851,#3852);
#3242=AXIS2_PLACEMENT_3D('',#4692,#3854,#3855);
#3243=AXIS2_PLACEMENT_3D('',#4693,#3856,#3857);
#3244=AXIS2_PLACEMENT_3D('',#4697,#3860,#3861);
#3245=AXIS2_PLACEMENT_3D('',#4700,#3863,#3864);
#3246=AXIS2_PLACEMENT_3D('',#4701,#3865,#3866);
#3247=AXIS2_PLACEMENT_3D('',#4705,#3869,#3870);
#3248=AXIS2_PLACEMENT_3D('',#4708,#3872,#3873);
#3249=AXIS2_PLACEMENT_3D('',#4709,#3874,#3875);
#3250=AXIS2_PLACEMENT_3D('',#4711,#3877,#3878);
#3251=AXIS2_PLACEMENT_3D('',#4717,#3882,#3883);
#3252=AXIS2_PLACEMENT_3D('',#4721,#3886,#3887);
#3253=AXIS2_PLACEMENT_3D('',#4725,#3890,#3891);
#3254=AXIS2_PLACEMENT_3D('',#4727,#3893,#3894);
#3255=AXIS2_PLACEMENT_3D('',#4800,#3907,#3908);
#3256=AXIS2_PLACEMENT_3D('',#4804,#3911,#3912);
#3257=AXIS2_PLACEMENT_3D('',#4808,#3915,#3916);
#3258=AXIS2_PLACEMENT_3D('',#4812,#3918,#3919);
#3259=AXIS2_PLACEMENT_3D('',#4815,#3921,#3922);
#3260=AXIS2_PLACEMENT_3D('',#4817,#3923,#3924);
#3261=AXIS2_PLACEMENT_3D('',#4819,#3925,#3926);
#3262=AXIS2_PLACEMENT_3D('',#4821,#3927,#3928);
#3263=AXIS2_PLACEMENT_3D('',#4823,#3929,#3930);
#3264=AXIS2_PLACEMENT_3D('',#4825,#3932,#3933);
#3265=AXIS2_PLACEMENT_3D('',#4826,#3934,#3935);
#3266=AXIS2_PLACEMENT_3D('',#4855,#3940,#3941);
#3267=AXIS2_PLACEMENT_3D('',#4894,#3948,#3949);
#3268=AXIS2_PLACEMENT_3D('',#4896,#3951,#3952);
#3269=AXIS2_PLACEMENT_3D('',#4898,#3954,#3955);
#3270=AXIS2_PLACEMENT_3D('',#4899,#3956,#3957);
#3271=AXIS2_PLACEMENT_3D('',#4931,#3963,#3964);
#3272=AXIS2_PLACEMENT_3D('',#4933,#3966,#3967);
#3273=AXIS2_PLACEMENT_3D('',#4935,#3969,#3970);
#3274=AXIS2_PLACEMENT_3D('',#4954,#3973,#3974);
#3275=AXIS2_PLACEMENT_3D('',#4976,#3978,#3979);
#3276=AXIS2_PLACEMENT_3D('',#5006,#3985,#3986);
#3277=AXIS2_PLACEMENT_3D('',#5008,#3988,#3989);
#3278=AXIS2_PLACEMENT_3D('',#5009,#3990,#3991);
#3279=AXIS2_PLACEMENT_3D('',#5011,#3993,#3994);
#3280=AXIS2_PLACEMENT_3D('',#5013,#3996,#3997);
#3281=AXIS2_PLACEMENT_3D('',#5015,#3999,#4000);
#3282=AXIS2_PLACEMENT_3D('',#5017,#4002,#4003);
#3283=AXIS2_PLACEMENT_3D('',#5019,#4005,#4006);
#3284=AXIS2_PLACEMENT_3D('',#5021,#4008,#4009);
#3285=AXIS2_PLACEMENT_3D('',#5023,#4011,#4012);
#3286=AXIS2_PLACEMENT_3D('',#5024,#4013,#4014);
#3287=AXIS2_PLACEMENT_3D('',#5025,#4015,#4016);
#3288=AXIS2_PLACEMENT_3D('',#5030,#4018,#4019);
#3289=AXIS2_PLACEMENT_3D('',#5034,#4021,#4022);
#3290=AXIS2_PLACEMENT_3D('',#5038,#4024,#4025);
#3291=AXIS2_PLACEMENT_3D('',#5041,#4027,#4028);
#3292=AXIS2_PLACEMENT_3D('',#5043,#4029,#4030);
#3293=AXIS2_PLACEMENT_3D('',#5045,#4031,#4032);
#3294=AXIS2_PLACEMENT_3D('',#5047,#4033,#4034);
#3295=AXIS2_PLACEMENT_3D('',#5049,#4035,#4036);
#3296=AXIS2_PLACEMENT_3D('',#5058,#4041,#4042);
#3297=AXIS2_PLACEMENT_3D('',#5064,#4046,#4047);
#3298=AXIS2_PLACEMENT_3D('',#5068,#4050,#4051);
#3299=AXIS2_PLACEMENT_3D('',#5074,#4055,#4056);
#3300=AXIS2_PLACEMENT_3D('',#5077,#4058,#4059);
#3301=AXIS2_PLACEMENT_3D('',#5078,#4060,#4061);
#3302=AXIS2_PLACEMENT_3D('',#5090,#4068,#4069);
#3303=AXIS2_PLACEMENT_3D('',#5093,#4071,#4072);
#3304=AXIS2_PLACEMENT_3D('',#5094,#4073,#4074);
#3305=AXIS2_PLACEMENT_3D('',#5098,#4077,#4078);
#3306=AXIS2_PLACEMENT_3D('',#5108,#4084,#4085);
#3307=AXIS2_PLACEMENT_3D('',#5112,#4088,#4089);
#3308=AXIS2_PLACEMENT_3D('',#5115,#4091,#4092);
#3309=AXIS2_PLACEMENT_3D('',#5116,#4093,#4094);
#3310=AXIS2_PLACEMENT_3D('',#5120,#4097,#4098);
#3311=AXIS2_PLACEMENT_3D('',#5121,#4099,#4100);
#3312=AXIS2_PLACEMENT_3D('',#5122,#4101,#4102);
#3313=AXIS2_PLACEMENT_3D('',#5124,#4103,#4104);
#3314=AXIS2_PLACEMENT_3D('',#5126,#4105,#4106);
#3315=AXIS2_PLACEMENT_3D('',#5128,#4107,#4108);
#3316=AXIS2_PLACEMENT_3D('',#5130,#4109,#4110);
#3317=AXIS2_PLACEMENT_3D('',#5131,#4111,#4112);
#3318=AXIS2_PLACEMENT_3D('',#5137,#4116,#4117);
#3319=AXIS2_PLACEMENT_3D('',#5142,#4121,#4122);
#3320=AXIS2_PLACEMENT_3D('',#5144,#4124,#4125);
#3321=AXIS2_PLACEMENT_3D('',#5148,#4128,#4129);
#3322=AXIS2_PLACEMENT_3D('',#5150,#4131,#4132);
#3323=AXIS2_PLACEMENT_3D('',#5151,#4133,#4134);
#3324=AXIS2_PLACEMENT_3D('',#5153,#4136,#4137);
#3325=AXIS2_PLACEMENT_3D('',#5155,#4139,#4140);
#3326=AXIS2_PLACEMENT_3D('',#5157,#4142,#4143);
#3327=DIRECTION('axis',(0.,0.,1.));
#3328=DIRECTION('refdir',(1.,0.,0.));
#3329=DIRECTION('center_axis',(1.,-4.4236399028794E-17,0.));
#3330=DIRECTION('ref_axis',(4.4236399028794E-17,1.,0.));
#3331=DIRECTION('',(-4.4236399028794E-17,-1.,0.));
#3332=DIRECTION('',(0.,0.,1.));
#3333=DIRECTION('',(4.4236399028794E-17,1.,0.));
#3334=DIRECTION('',(0.,0.,-1.));
#3335=DIRECTION('',(4.4236399028794E-17,1.,0.));
#3336=DIRECTION('',(0.,0.,-1.));
#3337=DIRECTION('',(-4.4236399028794E-17,-1.,0.));
#3338=DIRECTION('',(0.,0.,-1.));
#3339=DIRECTION('center_axis',(-1.,0.,0.));
#3340=DIRECTION('ref_axis',(0.,-1.,0.));
#3341=DIRECTION('',(0.,1.,0.));
#3342=DIRECTION('',(0.,0.,-1.));
#3343=DIRECTION('',(0.,-1.,0.));
#3344=DIRECTION('',(0.,0.,1.));
#3345=DIRECTION('center_axis',(0.,0.,1.));
#3346=DIRECTION('ref_axis',(-0.707106781186545,0.70710678118655,0.));
#3347=DIRECTION('center_axis',(0.,0.,-1.));
#3348=DIRECTION('ref_axis',(-0.707106781186545,0.70710678118655,0.));
#3349=DIRECTION('center_axis',(0.,0.,1.));
#3350=DIRECTION('ref_axis',(-0.707106781186545,0.70710678118655,0.));
#3351=DIRECTION('',(0.,0.,-1.));
#3352=DIRECTION('center_axis',(9.86864910777917E-17,1.,0.));
#3353=DIRECTION('ref_axis',(-1.,9.86864910777917E-17,0.));
#3354=DIRECTION('',(1.,-9.86864910777917E-17,0.));
#3355=DIRECTION('',(-1.,9.86864910777917E-17,0.));
#3356=DIRECTION('',(0.,0.,1.));
#3357=DIRECTION('center_axis',(0.,0.,1.));
#3358=DIRECTION('ref_axis',(0.707106781186548,0.707106781186548,0.));
#3359=DIRECTION('center_axis',(0.,0.,-1.));
#3360=DIRECTION('ref_axis',(0.707106781186548,0.707106781186548,0.));
#3361=DIRECTION('center_axis',(0.,0.,1.));
#3362=DIRECTION('ref_axis',(0.707106781186548,0.707106781186548,0.));
#3363=DIRECTION('',(0.,0.,-1.));
#3364=DIRECTION('center_axis',(0.,0.,1.));
#3365=DIRECTION('ref_axis',(1.,0.,0.));
#3366=DIRECTION('center_axis',(0.,0.,1.));
#3367=DIRECTION('ref_axis',(-0.70710678118655,-0.707106781186545,0.));
#3368=DIRECTION('',(1.,9.86864910777917E-17,0.));
#3369=DIRECTION('center_axis',(0.,0.,1.));
#3370=DIRECTION('ref_axis',(0.707106781186548,-0.707106781186548,0.));
#3371=DIRECTION('',(0.,1.,0.));
#3372=DIRECTION('',(1.,-1.26882631385732E-16,0.));
#3373=DIRECTION('',(-4.4236399028794E-17,1.,0.));
#3374=DIRECTION('',(1.,0.,0.));
#3375=DIRECTION('center_axis',(0.,0.,-1.));
#3376=DIRECTION('ref_axis',(1.,0.,0.));
#3377=DIRECTION('center_axis',(0.,0.,-1.));
#3378=DIRECTION('ref_axis',(1.,0.,0.));
#3379=DIRECTION('center_axis',(0.,0.,-1.));
#3380=DIRECTION('ref_axis',(1.,0.,0.));
#3381=DIRECTION('center_axis',(0.,0.,-1.));
#3382=DIRECTION('ref_axis',(1.,0.,0.));
#3383=DIRECTION('center_axis',(0.,0.,1.));
#3384=DIRECTION('ref_axis',(1.,0.,0.));
#3385=DIRECTION('',(1.,0.,0.));
#3386=DIRECTION('',(-1.,0.,0.));
#3387=DIRECTION('',(0.,1.,0.));
#3388=DIRECTION('',(0.,-1.,0.));
#3389=DIRECTION('',(1.,0.,0.));
#3390=DIRECTION('',(0.,1.,0.));
#3391=DIRECTION('',(-1.,0.,0.));
#3392=DIRECTION('center_axis',(0.,0.,-1.));
#3393=DIRECTION('ref_axis',(1.,0.,0.));
#3394=DIRECTION('',(1.,0.,0.));
#3395=DIRECTION('center_axis',(0.,0.,-1.));
#3396=DIRECTION('ref_axis',(0.,1.,0.));
#3397=DIRECTION('',(0.,1.,0.));
#3398=DIRECTION('center_axis',(0.,0.,-1.));
#3399=DIRECTION('ref_axis',(-1.,0.,0.));
#3400=DIRECTION('',(-1.,0.,0.));
#3401=DIRECTION('center_axis',(0.,0.,-1.));
#3402=DIRECTION('ref_axis',(0.,-1.,0.));
#3403=DIRECTION('',(0.,-1.,0.));
#3404=DIRECTION('center_axis',(0.,0.,-1.));
#3405=DIRECTION('ref_axis',(0.,1.,0.));
#3406=DIRECTION('',(0.,1.,0.));
#3407=DIRECTION('center_axis',(0.,0.,-1.));
#3408=DIRECTION('ref_axis',(-1.,0.,0.));
#3409=DIRECTION('',(-1.,3.41607084500048E-16,0.));
#3410=DIRECTION('center_axis',(0.,0.,-1.));
#3411=DIRECTION('ref_axis',(0.,-1.,0.));
#3412=DIRECTION('',(0.,-1.,0.));
#3413=DIRECTION('center_axis',(0.,0.,-1.));
#3414=DIRECTION('ref_axis',(1.,0.,0.));
#3415=DIRECTION('',(1.,0.,0.));
#3416=DIRECTION('center_axis',(0.,0.,-1.));
#3417=DIRECTION('ref_axis',(0.,1.,0.));
#3418=DIRECTION('',(0.,1.,0.));
#3419=DIRECTION('center_axis',(0.,0.,-1.));
#3420=DIRECTION('ref_axis',(-1.,0.,0.));
#3421=DIRECTION('',(-1.,0.,0.));
#3422=DIRECTION('center_axis',(0.,0.,-1.));
#3423=DIRECTION('ref_axis',(0.,-1.,0.));
#3424=DIRECTION('',(0.,-1.,0.));
#3425=DIRECTION('center_axis',(0.,0.,-1.));
#3426=DIRECTION('ref_axis',(1.,0.,0.));
#3427=DIRECTION('',(1.,0.,0.));
#3428=DIRECTION('center_axis',(0.,0.,-1.));
#3429=DIRECTION('ref_axis',(0.,1.,0.));
#3430=DIRECTION('',(0.,1.,0.));
#3431=DIRECTION('center_axis',(0.,0.,-1.));
#3432=DIRECTION('ref_axis',(-1.,0.,0.));
#3433=DIRECTION('',(-1.,0.,0.));
#3434=DIRECTION('center_axis',(0.,0.,-1.));
#3435=DIRECTION('ref_axis',(0.,-1.,0.));
#3436=DIRECTION('',(0.,-1.,0.));
#3437=DIRECTION('center_axis',(0.,0.,-1.));
#3438=DIRECTION('ref_axis',(1.,0.,0.));
#3439=DIRECTION('',(1.,0.,0.));
#3440=DIRECTION('center_axis',(0.,0.,-1.));
#3441=DIRECTION('ref_axis',(0.,1.,0.));
#3442=DIRECTION('',(0.,1.,0.));
#3443=DIRECTION('center_axis',(0.,0.,-1.));
#3444=DIRECTION('ref_axis',(-1.,0.,0.));
#3445=DIRECTION('',(-1.,0.,0.));
#3446=DIRECTION('center_axis',(0.,0.,-1.));
#3447=DIRECTION('ref_axis',(0.,-1.,0.));
#3448=DIRECTION('',(-1.70803542250024E-16,-1.,0.));
#3449=DIRECTION('center_axis',(0.,0.,-1.));
#3450=DIRECTION('ref_axis',(1.,0.,0.));
#3451=DIRECTION('',(1.,0.,0.));
#3452=DIRECTION('center_axis',(0.,0.,-1.));
#3453=DIRECTION('ref_axis',(0.,1.,0.));
#3454=DIRECTION('',(0.,1.,0.));
#3455=DIRECTION('center_axis',(0.,0.,-1.));
#3456=DIRECTION('ref_axis',(-1.,0.,0.));
#3457=DIRECTION('',(-1.,0.,0.));
#3458=DIRECTION('center_axis',(0.,0.,-1.));
#3459=DIRECTION('ref_axis',(0.,-1.,0.));
#3460=DIRECTION('',(0.,-1.,0.));
#3461=DIRECTION('center_axis',(0.,0.,-1.));
#3462=DIRECTION('ref_axis',(1.,0.,0.));
#3463=DIRECTION('',(1.,0.,0.));
#3464=DIRECTION('center_axis',(0.,0.,-1.));
#3465=DIRECTION('ref_axis',(0.,1.,0.));
#3466=DIRECTION('',(0.,1.,0.));
#3467=DIRECTION('center_axis',(0.,0.,-1.));
#3468=DIRECTION('ref_axis',(-1.,0.,0.));
#3469=DIRECTION('',(-1.,0.,0.));
#3470=DIRECTION('center_axis',(0.,0.,-1.));
#3471=DIRECTION('ref_axis',(0.,-1.,0.));
#3472=DIRECTION('',(0.,-1.,0.));
#3473=DIRECTION('center_axis',(0.,0.,-1.));
#3474=DIRECTION('ref_axis',(1.,0.,0.));
#3475=DIRECTION('',(1.,0.,0.));
#3476=DIRECTION('center_axis',(0.,0.,-1.));
#3477=DIRECTION('ref_axis',(0.,1.,0.));
#3478=DIRECTION('',(0.,1.,0.));
#3479=DIRECTION('center_axis',(0.,0.,-1.));
#3480=DIRECTION('ref_axis',(-1.,0.,0.));
#3481=DIRECTION('',(-1.,0.,0.));
#3482=DIRECTION('center_axis',(0.,0.,-1.));
#3483=DIRECTION('ref_axis',(0.,-1.,0.));
#3484=DIRECTION('',(0.,-1.,0.));
#3485=DIRECTION('center_axis',(0.,0.,-1.));
#3486=DIRECTION('ref_axis',(1.,0.,0.));
#3487=DIRECTION('',(1.,0.,0.));
#3488=DIRECTION('center_axis',(0.,0.,-1.));
#3489=DIRECTION('ref_axis',(0.,1.,0.));
#3490=DIRECTION('',(0.,1.,0.));
#3491=DIRECTION('center_axis',(0.,0.,-1.));
#3492=DIRECTION('ref_axis',(-1.,0.,0.));
#3493=DIRECTION('',(-1.,0.,0.));
#3494=DIRECTION('center_axis',(0.,0.,-1.));
#3495=DIRECTION('ref_axis',(0.,-1.,0.));
#3496=DIRECTION('',(0.,-1.,0.));
#3497=DIRECTION('center_axis',(0.,0.,-1.));
#3498=DIRECTION('ref_axis',(1.,0.,0.));
#3499=DIRECTION('',(1.,0.,0.));
#3500=DIRECTION('center_axis',(0.,0.,-1.));
#3501=DIRECTION('ref_axis',(0.,1.,0.));
#3502=DIRECTION('',(0.,1.,0.));
#3503=DIRECTION('center_axis',(0.,0.,-1.));
#3504=DIRECTION('ref_axis',(-1.,0.,0.));
#3505=DIRECTION('',(-1.,0.,0.));
#3506=DIRECTION('center_axis',(0.,0.,-1.));
#3507=DIRECTION('ref_axis',(0.,-1.,0.));
#3508=DIRECTION('',(0.,-1.,0.));
#3509=DIRECTION('center_axis',(0.,0.,-1.));
#3510=DIRECTION('ref_axis',(1.,0.,0.));
#3511=DIRECTION('',(1.,0.,0.));
#3512=DIRECTION('center_axis',(1.,0.,0.));
#3513=DIRECTION('ref_axis',(0.,1.,0.));
#3514=DIRECTION('',(0.,0.,-1.));
#3515=DIRECTION('',(0.,0.,-1.));
#3516=DIRECTION('',(0.,1.,0.));
#3517=DIRECTION('center_axis',(0.,0.,1.));
#3518=DIRECTION('ref_axis',(1.,0.,0.));
#3519=DIRECTION('',(0.,0.,1.));
#3520=DIRECTION('center_axis',(0.,0.,-1.));
#3521=DIRECTION('ref_axis',(1.,0.,0.));
#3522=DIRECTION('',(0.,0.,1.));
#3523=DIRECTION('center_axis',(-1.,0.,0.));
#3524=DIRECTION('ref_axis',(0.,-1.,0.));
#3525=DIRECTION('',(0.,0.,1.));
#3526=DIRECTION('',(0.,-1.,0.));
#3527=DIRECTION('center_axis',(0.,0.,1.));
#3528=DIRECTION('ref_axis',(0.,-1.,0.));
#3529=DIRECTION('',(0.,0.,1.));
#3530=DIRECTION('center_axis',(0.,0.,-1.));
#3531=DIRECTION('ref_axis',(0.,-1.,0.));
#3532=DIRECTION('center_axis',(0.,1.,0.));
#3533=DIRECTION('ref_axis',(-1.,0.,0.));
#3534=DIRECTION('',(0.,0.,1.));
#3535=DIRECTION('',(-1.,0.,0.));
#3536=DIRECTION('center_axis',(0.,0.,1.));
#3537=DIRECTION('ref_axis',(-1.,0.,0.));
#3538=DIRECTION('',(0.,0.,1.));
#3539=DIRECTION('center_axis',(0.,0.,-1.));
#3540=DIRECTION('ref_axis',(-1.,0.,0.));
#3541=DIRECTION('center_axis',(1.,0.,0.));
#3542=DIRECTION('ref_axis',(0.,1.,0.));
#3543=DIRECTION('',(0.,0.,1.));
#3544=DIRECTION('',(0.,1.,0.));
#3545=DIRECTION('center_axis',(0.,0.,1.));
#3546=DIRECTION('ref_axis',(0.,1.,0.));
#3547=DIRECTION('',(0.,0.,1.));
#3548=DIRECTION('center_axis',(0.,0.,-1.));
#3549=DIRECTION('ref_axis',(0.,1.,0.));
#3550=DIRECTION('center_axis',(0.,-1.,0.));
#3551=DIRECTION('ref_axis',(1.,0.,0.));
#3552=DIRECTION('',(1.,0.,0.));
#3553=DIRECTION('center_axis',(0.,0.,1.));
#3554=DIRECTION('ref_axis',(0.,1.,0.));
#3555=DIRECTION('',(0.,0.,1.));
#3556=DIRECTION('center_axis',(0.,0.,-1.));
#3557=DIRECTION('ref_axis',(0.,1.,0.));
#3558=DIRECTION('',(0.,0.,1.));
#3559=DIRECTION('center_axis',(0.,-1.,0.));
#3560=DIRECTION('ref_axis',(1.,0.,0.));
#3561=DIRECTION('',(0.,0.,1.));
#3562=DIRECTION('',(1.,0.,0.));
#3563=DIRECTION('center_axis',(0.,0.,1.));
#3564=DIRECTION('ref_axis',(1.,0.,0.));
#3565=DIRECTION('',(0.,0.,1.));
#3566=DIRECTION('center_axis',(0.,0.,-1.));
#3567=DIRECTION('ref_axis',(1.,0.,0.));
#3568=DIRECTION('center_axis',(-1.,0.,0.));
#3569=DIRECTION('ref_axis',(0.,-1.,0.));
#3570=DIRECTION('',(0.,0.,1.));
#3571=DIRECTION('',(0.,-1.,0.));
#3572=DIRECTION('center_axis',(0.,0.,1.));
#3573=DIRECTION('ref_axis',(0.,-1.,0.));
#3574=DIRECTION('',(0.,0.,1.));
#3575=DIRECTION('center_axis',(0.,0.,-1.));
#3576=DIRECTION('ref_axis',(0.,-1.,0.));
#3577=DIRECTION('center_axis',(3.41607084500048E-16,1.,0.));
#3578=DIRECTION('ref_axis',(-1.,3.41607084500048E-16,0.));
#3579=DIRECTION('',(0.,0.,1.));
#3580=DIRECTION('',(-1.,3.41607084500048E-16,0.));
#3581=DIRECTION('center_axis',(0.,0.,1.));
#3582=DIRECTION('ref_axis',(-1.,0.,0.));
#3583=DIRECTION('',(0.,0.,1.));
#3584=DIRECTION('center_axis',(0.,0.,-1.));
#3585=DIRECTION('ref_axis',(-1.,0.,0.));
#3586=DIRECTION('center_axis',(1.,0.,0.));
#3587=DIRECTION('ref_axis',(0.,1.,0.));
#3588=DIRECTION('',(0.,1.,0.));
#3589=DIRECTION('center_axis',(0.,0.,1.));
#3590=DIRECTION('ref_axis',(0.,1.,0.));
#3591=DIRECTION('',(0.,0.,1.));
#3592=DIRECTION('center_axis',(0.,0.,-1.));
#3593=DIRECTION('ref_axis',(0.,1.,0.));
#3594=DIRECTION('',(0.,0.,1.));
#3595=DIRECTION('center_axis',(0.,-1.,0.));
#3596=DIRECTION('ref_axis',(1.,0.,0.));
#3597=DIRECTION('',(0.,0.,1.));
#3598=DIRECTION('',(1.,0.,0.));
#3599=DIRECTION('center_axis',(0.,0.,1.));
#3600=DIRECTION('ref_axis',(1.,0.,0.));
#3601=DIRECTION('',(0.,0.,1.));
#3602=DIRECTION('center_axis',(0.,0.,-1.));
#3603=DIRECTION('ref_axis',(1.,0.,0.));
#3604=DIRECTION('center_axis',(-1.,0.,0.));
#3605=DIRECTION('ref_axis',(0.,-1.,0.));
#3606=DIRECTION('',(0.,0.,1.));
#3607=DIRECTION('',(0.,-1.,0.));
#3608=DIRECTION('center_axis',(0.,0.,1.));
#3609=DIRECTION('ref_axis',(0.,-1.,0.));
#3610=DIRECTION('',(0.,0.,1.));
#3611=DIRECTION('center_axis',(0.,0.,-1.));
#3612=DIRECTION('ref_axis',(0.,-1.,0.));
#3613=DIRECTION('center_axis',(0.,1.,0.));
#3614=DIRECTION('ref_axis',(-1.,0.,0.));
#3615=DIRECTION('',(0.,0.,1.));
#3616=DIRECTION('',(-1.,0.,0.));
#3617=DIRECTION('center_axis',(0.,0.,1.));
#3618=DIRECTION('ref_axis',(-1.,0.,0.));
#3619=DIRECTION('',(0.,0.,1.));
#3620=DIRECTION('center_axis',(0.,0.,-1.));
#3621=DIRECTION('ref_axis',(-1.,0.,0.));
#3622=DIRECTION('center_axis',(1.,0.,0.));
#3623=DIRECTION('ref_axis',(0.,1.,0.));
#3624=DIRECTION('',(0.,1.,0.));
#3625=DIRECTION('center_axis',(0.,0.,1.));
#3626=DIRECTION('ref_axis',(0.,1.,0.));
#3627=DIRECTION('',(0.,0.,1.));
#3628=DIRECTION('center_axis',(0.,0.,-1.));
#3629=DIRECTION('ref_axis',(0.,1.,0.));
#3630=DIRECTION('',(0.,0.,1.));
#3631=DIRECTION('center_axis',(0.,-1.,0.));
#3632=DIRECTION('ref_axis',(1.,0.,0.));
#3633=DIRECTION('',(0.,0.,1.));
#3634=DIRECTION('',(1.,0.,0.));
#3635=DIRECTION('center_axis',(0.,0.,1.));
#3636=DIRECTION('ref_axis',(1.,0.,0.));
#3637=DIRECTION('',(0.,0.,1.));
#3638=DIRECTION('center_axis',(0.,0.,-1.));
#3639=DIRECTION('ref_axis',(1.,0.,0.));
#3640=DIRECTION('center_axis',(-1.,0.,0.));
#3641=DIRECTION('ref_axis',(0.,-1.,0.));
#3642=DIRECTION('',(0.,0.,1.));
#3643=DIRECTION('',(0.,-1.,0.));
#3644=DIRECTION('center_axis',(0.,0.,1.));
#3645=DIRECTION('ref_axis',(0.,-1.,0.));
#3646=DIRECTION('',(0.,0.,1.));
#3647=DIRECTION('center_axis',(0.,0.,-1.));
#3648=DIRECTION('ref_axis',(0.,-1.,0.));
#3649=DIRECTION('center_axis',(0.,1.,0.));
#3650=DIRECTION('ref_axis',(-1.,0.,0.));
#3651=DIRECTION('',(0.,0.,1.));
#3652=DIRECTION('',(-1.,0.,0.));
#3653=DIRECTION('center_axis',(0.,0.,1.));
#3654=DIRECTION('ref_axis',(-1.,0.,0.));
#3655=DIRECTION('',(0.,0.,1.));
#3656=DIRECTION('center_axis',(0.,0.,-1.));
#3657=DIRECTION('ref_axis',(-1.,0.,0.));
#3658=DIRECTION('center_axis',(1.,0.,0.));
#3659=DIRECTION('ref_axis',(0.,1.,0.));
#3660=DIRECTION('',(0.,1.,0.));
#3661=DIRECTION('center_axis',(0.,0.,1.));
#3662=DIRECTION('ref_axis',(0.,1.,0.));
#3663=DIRECTION('',(0.,0.,1.));
#3664=DIRECTION('center_axis',(0.,0.,-1.));
#3665=DIRECTION('ref_axis',(0.,1.,0.));
#3666=DIRECTION('',(0.,0.,1.));
#3667=DIRECTION('center_axis',(0.,-1.,0.));
#3668=DIRECTION('ref_axis',(1.,0.,0.));
#3669=DIRECTION('',(0.,0.,1.));
#3670=DIRECTION('',(1.,0.,0.));
#3671=DIRECTION('center_axis',(0.,0.,1.));
#3672=DIRECTION('ref_axis',(1.,0.,0.));
#3673=DIRECTION('',(0.,0.,1.));
#3674=DIRECTION('center_axis',(0.,0.,-1.));
#3675=DIRECTION('ref_axis',(1.,0.,0.));
#3676=DIRECTION('center_axis',(-1.,1.70803542250024E-16,0.));
#3677=DIRECTION('ref_axis',(-1.70803542250024E-16,-1.,0.));
#3678=DIRECTION('',(0.,0.,1.));
#3679=DIRECTION('',(-1.70803542250024E-16,-1.,0.));
#3680=DIRECTION('center_axis',(0.,0.,1.));
#3681=DIRECTION('ref_axis',(0.,-1.,0.));
#3682=DIRECTION('',(0.,0.,1.));
#3683=DIRECTION('center_axis',(0.,0.,-1.));
#3684=DIRECTION('ref_axis',(0.,-1.,0.));
#3685=DIRECTION('center_axis',(0.,1.,0.));
#3686=DIRECTION('ref_axis',(-1.,0.,0.));
#3687=DIRECTION('',(0.,0.,1.));
#3688=DIRECTION('',(-1.,0.,0.));
#3689=DIRECTION('center_axis',(0.,0.,1.));
#3690=DIRECTION('ref_axis',(-1.,0.,0.));
#3691=DIRECTION('',(0.,0.,1.));
#3692=DIRECTION('center_axis',(0.,0.,-1.));
#3693=DIRECTION('ref_axis',(-1.,0.,0.));
#3694=DIRECTION('center_axis',(1.,0.,0.));
#3695=DIRECTION('ref_axis',(0.,1.,0.));
#3696=DIRECTION('',(0.,1.,0.));
#3697=DIRECTION('center_axis',(0.,0.,1.));
#3698=DIRECTION('ref_axis',(0.,1.,0.));
#3699=DIRECTION('',(0.,0.,1.));
#3700=DIRECTION('center_axis',(0.,0.,-1.));
#3701=DIRECTION('ref_axis',(0.,1.,0.));
#3702=DIRECTION('',(0.,0.,1.));
#3703=DIRECTION('center_axis',(0.,-1.,0.));
#3704=DIRECTION('ref_axis',(1.,0.,0.));
#3705=DIRECTION('',(0.,0.,1.));
#3706=DIRECTION('',(1.,0.,0.));
#3707=DIRECTION('center_axis',(0.,0.,1.));
#3708=DIRECTION('ref_axis',(1.,0.,0.));
#3709=DIRECTION('',(0.,0.,1.));
#3710=DIRECTION('center_axis',(0.,0.,-1.));
#3711=DIRECTION('ref_axis',(1.,0.,0.));
#3712=DIRECTION('center_axis',(-1.,0.,0.));
#3713=DIRECTION('ref_axis',(0.,-1.,0.));
#3714=DIRECTION('',(0.,0.,1.));
#3715=DIRECTION('',(0.,-1.,0.));
#3716=DIRECTION('center_axis',(0.,0.,1.));
#3717=DIRECTION('ref_axis',(0.,-1.,0.));
#3718=DIRECTION('',(0.,0.,1.));
#3719=DIRECTION('center_axis',(0.,0.,-1.));
#3720=DIRECTION('ref_axis',(0.,-1.,0.));
#3721=DIRECTION('center_axis',(0.,1.,0.));
#3722=DIRECTION('ref_axis',(-1.,0.,0.));
#3723=DIRECTION('',(0.,0.,1.));
#3724=DIRECTION('',(-1.,0.,0.));
#3725=DIRECTION('center_axis',(0.,0.,1.));
#3726=DIRECTION('ref_axis',(-1.,0.,0.));
#3727=DIRECTION('',(0.,0.,1.));
#3728=DIRECTION('center_axis',(0.,0.,-1.));
#3729=DIRECTION('ref_axis',(-1.,0.,0.));
#3730=DIRECTION('center_axis',(1.,0.,0.));
#3731=DIRECTION('ref_axis',(0.,1.,0.));
#3732=DIRECTION('',(0.,1.,0.));
#3733=DIRECTION('center_axis',(0.,0.,1.));
#3734=DIRECTION('ref_axis',(0.,1.,0.));
#3735=DIRECTION('',(0.,0.,1.));
#3736=DIRECTION('center_axis',(0.,0.,-1.));
#3737=DIRECTION('ref_axis',(0.,1.,0.));
#3738=DIRECTION('',(0.,0.,1.));
#3739=DIRECTION('center_axis',(0.,-1.,0.));
#3740=DIRECTION('ref_axis',(1.,0.,0.));
#3741=DIRECTION('',(0.,0.,1.));
#3742=DIRECTION('',(1.,0.,0.));
#3743=DIRECTION('center_axis',(0.,0.,1.));
#3744=DIRECTION('ref_axis',(1.,0.,0.));
#3745=DIRECTION('',(0.,0.,1.));
#3746=DIRECTION('center_axis',(0.,0.,-1.));
#3747=DIRECTION('ref_axis',(1.,0.,0.));
#3748=DIRECTION('center_axis',(-1.,0.,0.));
#3749=DIRECTION('ref_axis',(0.,-1.,0.));
#3750=DIRECTION('',(0.,0.,1.));
#3751=DIRECTION('',(0.,-1.,0.));
#3752=DIRECTION('center_axis',(0.,0.,1.));
#3753=DIRECTION('ref_axis',(0.,-1.,0.));
#3754=DIRECTION('',(0.,0.,1.));
#3755=DIRECTION('center_axis',(0.,0.,-1.));
#3756=DIRECTION('ref_axis',(0.,-1.,0.));
#3757=DIRECTION('center_axis',(0.,1.,0.));
#3758=DIRECTION('ref_axis',(-1.,0.,0.));
#3759=DIRECTION('',(0.,0.,1.));
#3760=DIRECTION('',(-1.,0.,0.));
#3761=DIRECTION('center_axis',(0.,0.,1.));
#3762=DIRECTION('ref_axis',(-1.,0.,0.));
#3763=DIRECTION('',(0.,0.,1.));
#3764=DIRECTION('center_axis',(0.,0.,-1.));
#3765=DIRECTION('ref_axis',(-1.,0.,0.));
#3766=DIRECTION('center_axis',(1.,0.,0.));
#3767=DIRECTION('ref_axis',(0.,1.,0.));
#3768=DIRECTION('',(0.,1.,0.));
#3769=DIRECTION('center_axis',(0.,0.,1.));
#3770=DIRECTION('ref_axis',(0.,1.,0.));
#3771=DIRECTION('',(0.,0.,1.));
#3772=DIRECTION('center_axis',(0.,0.,-1.));
#3773=DIRECTION('ref_axis',(0.,1.,0.));
#3774=DIRECTION('',(0.,0.,1.));
#3775=DIRECTION('center_axis',(0.,-1.,0.));
#3776=DIRECTION('ref_axis',(1.,0.,0.));
#3777=DIRECTION('',(0.,0.,1.));
#3778=DIRECTION('',(1.,0.,0.));
#3779=DIRECTION('center_axis',(0.,0.,1.));
#3780=DIRECTION('ref_axis',(1.,0.,0.));
#3781=DIRECTION('',(0.,0.,1.));
#3782=DIRECTION('center_axis',(0.,0.,-1.));
#3783=DIRECTION('ref_axis',(1.,0.,0.));
#3784=DIRECTION('center_axis',(-1.,0.,0.));
#3785=DIRECTION('ref_axis',(0.,-1.,0.));
#3786=DIRECTION('',(0.,0.,1.));
#3787=DIRECTION('',(0.,-1.,0.));
#3788=DIRECTION('center_axis',(0.,0.,1.));
#3789=DIRECTION('ref_axis',(0.,-1.,0.));
#3790=DIRECTION('',(0.,0.,1.));
#3791=DIRECTION('center_axis',(0.,0.,-1.));
#3792=DIRECTION('ref_axis',(0.,-1.,0.));
#3793=DIRECTION('center_axis',(0.,1.,0.));
#3794=DIRECTION('ref_axis',(-1.,0.,0.));
#3795=DIRECTION('',(0.,0.,1.));
#3796=DIRECTION('',(-1.,0.,0.));
#3797=DIRECTION('center_axis',(0.,0.,1.));
#3798=DIRECTION('ref_axis',(-1.,0.,0.));
#3799=DIRECTION('',(0.,0.,1.));
#3800=DIRECTION('center_axis',(0.,0.,-1.));
#3801=DIRECTION('ref_axis',(-1.,0.,0.));
#3802=DIRECTION('center_axis',(1.,0.,0.));
#3803=DIRECTION('ref_axis',(0.,1.,0.));
#3804=DIRECTION('',(0.,1.,0.));
#3805=DIRECTION('center_axis',(0.,0.,1.));
#3806=DIRECTION('ref_axis',(0.,1.,0.));
#3807=DIRECTION('',(0.,0.,1.));
#3808=DIRECTION('center_axis',(0.,0.,-1.));
#3809=DIRECTION('ref_axis',(0.,1.,0.));
#3810=DIRECTION('',(0.,0.,1.));
#3811=DIRECTION('center_axis',(0.,-1.,0.));
#3812=DIRECTION('ref_axis',(1.,0.,0.));
#3813=DIRECTION('',(0.,0.,1.));
#3814=DIRECTION('',(1.,0.,0.));
#3815=DIRECTION('center_axis',(0.,0.,1.));
#3816=DIRECTION('ref_axis',(1.,0.,0.));
#3817=DIRECTION('',(0.,0.,1.));
#3818=DIRECTION('center_axis',(0.,0.,-1.));
#3819=DIRECTION('ref_axis',(1.,0.,0.));
#3820=DIRECTION('center_axis',(-1.,0.,0.));
#3821=DIRECTION('ref_axis',(0.,-1.,0.));
#3822=DIRECTION('',(0.,0.,1.));
#3823=DIRECTION('',(0.,-1.,0.));
#3824=DIRECTION('center_axis',(0.,0.,1.));
#3825=DIRECTION('ref_axis',(0.,-1.,0.));
#3826=DIRECTION('',(0.,0.,1.));
#3827=DIRECTION('center_axis',(0.,0.,-1.));
#3828=DIRECTION('ref_axis',(0.,-1.,0.));
#3829=DIRECTION('center_axis',(0.,1.,0.));
#3830=DIRECTION('ref_axis',(-1.,0.,0.));
#3831=DIRECTION('',(0.,0.,1.));
#3832=DIRECTION('',(-1.,0.,0.));
#3833=DIRECTION('center_axis',(0.,0.,1.));
#3834=DIRECTION('ref_axis',(-1.,0.,0.));
#3835=DIRECTION('',(0.,0.,1.));
#3836=DIRECTION('center_axis',(0.,0.,-1.));
#3837=DIRECTION('ref_axis',(-1.,0.,0.));
#3838=DIRECTION('center_axis',(1.,0.,0.));
#3839=DIRECTION('ref_axis',(0.,1.,0.));
#3840=DIRECTION('',(0.,1.,0.));
#3841=DIRECTION('center_axis',(0.,0.,1.));
#3842=DIRECTION('ref_axis',(0.,1.,0.));
#3843=DIRECTION('',(0.,0.,1.));
#3844=DIRECTION('center_axis',(0.,0.,-1.));
#3845=DIRECTION('ref_axis',(0.,1.,0.));
#3846=DIRECTION('',(0.,0.,1.));
#3847=DIRECTION('center_axis',(0.,-1.,0.));
#3848=DIRECTION('ref_axis',(1.,0.,0.));
#3849=DIRECTION('',(0.,0.,1.));
#3850=DIRECTION('',(1.,0.,0.));
#3851=DIRECTION('center_axis',(0.,0.,1.));
#3852=DIRECTION('ref_axis',(1.,0.,0.));
#3853=DIRECTION('',(0.,0.,1.));
#3854=DIRECTION('center_axis',(0.,0.,-1.));
#3855=DIRECTION('ref_axis',(1.,0.,0.));
#3856=DIRECTION('center_axis',(-1.,0.,0.));
#3857=DIRECTION('ref_axis',(0.,-1.,0.));
#3858=DIRECTION('',(0.,0.,1.));
#3859=DIRECTION('',(0.,-1.,0.));
#3860=DIRECTION('center_axis',(0.,0.,1.));
#3861=DIRECTION('ref_axis',(0.,-1.,0.));
#3862=DIRECTION('',(0.,0.,1.));
#3863=DIRECTION('center_axis',(0.,0.,-1.));
#3864=DIRECTION('ref_axis',(0.,-1.,0.));
#3865=DIRECTION('center_axis',(0.,1.,0.));
#3866=DIRECTION('ref_axis',(-1.,0.,0.));
#3867=DIRECTION('',(0.,0.,1.));
#3868=DIRECTION('',(-1.,0.,0.));
#3869=DIRECTION('center_axis',(0.,0.,1.));
#3870=DIRECTION('ref_axis',(-1.,0.,0.));
#3871=DIRECTION('',(0.,0.,1.));
#3872=DIRECTION('center_axis',(0.,0.,-1.));
#3873=DIRECTION('ref_axis',(-1.,0.,0.));
#3874=DIRECTION('center_axis',(1.,0.,0.));
#3875=DIRECTION('ref_axis',(0.,1.,0.));
#3876=DIRECTION('',(0.,1.,0.));
#3877=DIRECTION('center_axis',(0.,-1.,0.));
#3878=DIRECTION('ref_axis',(-1.,0.,0.));
#3879=DIRECTION('',(0.,0.,-1.));
#3880=DIRECTION('',(-1.,0.,0.));
#3881=DIRECTION('',(0.,0.,-1.));
#3882=DIRECTION('center_axis',(-1.,0.,0.));
#3883=DIRECTION('ref_axis',(0.,1.,-1.75419044358737E-16));
#3884=DIRECTION('',(0.,0.,-1.));
#3885=DIRECTION('',(0.,1.,0.));
#3886=DIRECTION('center_axis',(0.,1.,0.));
#3887=DIRECTION('ref_axis',(1.,0.,0.));
#3888=DIRECTION('',(0.,0.,-1.));
#3889=DIRECTION('',(1.,0.,0.));
#3890=DIRECTION('center_axis',(1.,0.,0.));
#3891=DIRECTION('ref_axis',(0.,-1.,1.75419044358737E-16));
#3892=DIRECTION('',(0.,-1.,0.));
#3893=DIRECTION('center_axis',(0.,0.,1.));
#3894=DIRECTION('ref_axis',(1.,0.,0.));
#3895=DIRECTION('',(1.,0.,0.));
#3896=DIRECTION('',(-1.,0.,0.));
#3897=DIRECTION('',(-0.139854629091482,0.990172047031062,0.));
#3898=DIRECTION('',(-0.135510887558662,0.990775857271999,0.));
#3899=DIRECTION('',(-0.792078126886952,0.610419725195097,0.));
#3900=DIRECTION('',(-0.790422754057433,0.612561727394279,0.));
#3901=DIRECTION('',(-0.142223632634161,-0.989834550983316,0.));
#3902=DIRECTION('',(-0.135414992299184,-0.99078896837854,0.));
#3903=DIRECTION('',(-0.788190022521182,-0.615431952695063,0.));
#3904=DIRECTION('',(0.926163462719773,-0.377122314803723,0.));
#3905=DIRECTION('',(0.926954994332546,-0.375172544946921,0.));
#3906=DIRECTION('',(0.926104678288121,0.377266649536975,0.));
#3907=DIRECTION('center_axis',(0.,1.,0.));
#3908=DIRECTION('ref_axis',(0.,0.,1.));
#3909=DIRECTION('',(1.,0.,0.));
#3910=DIRECTION('',(0.,0.,-1.));
#3911=DIRECTION('center_axis',(-1.,0.,0.));
#3912=DIRECTION('ref_axis',(0.,0.,1.));
#3913=DIRECTION('',(4.4236399028794E-17,-1.,0.));
#3914=DIRECTION('',(0.,0.,1.));
#3915=DIRECTION('center_axis',(0.,0.,-1.));
#3916=DIRECTION('ref_axis',(4.4236399028794E-17,-1.,0.));
#3917=DIRECTION('',(0.,-1.,0.));
#3918=DIRECTION('center_axis',(0.,0.,-1.));
#3919=DIRECTION('ref_axis',(0.707106781186548,-0.707106781186548,0.));
#3920=DIRECTION('',(-1.,-9.86864910777917E-17,0.));
#3921=DIRECTION('center_axis',(0.,0.,-1.));
#3922=DIRECTION('ref_axis',(-0.70710678118655,-0.707106781186545,0.));
#3923=DIRECTION('center_axis',(0.,0.,1.));
#3924=DIRECTION('ref_axis',(1.,0.,0.));
#3925=DIRECTION('center_axis',(0.,0.,1.));
#3926=DIRECTION('ref_axis',(1.,0.,0.));
#3927=DIRECTION('center_axis',(0.,0.,1.));
#3928=DIRECTION('ref_axis',(1.,0.,0.));
#3929=DIRECTION('center_axis',(0.,0.,1.));
#3930=DIRECTION('ref_axis',(1.,0.,0.));
#3931=DIRECTION('',(-1.,1.26882631385732E-16,0.));
#3932=DIRECTION('center_axis',(0.,1.,0.));
#3933=DIRECTION('ref_axis',(0.,0.,1.));
#3934=DIRECTION('center_axis',(0.,0.,1.));
#3935=DIRECTION('ref_axis',(-1.,0.,0.));
#3936=DIRECTION('',(-0.135510887558662,0.990775857271999,0.));
#3937=DIRECTION('',(-0.139854629091482,0.990172047031062,0.));
#3938=DIRECTION('',(-0.790422754057433,0.612561727394279,0.));
#3939=DIRECTION('',(-0.792078126886952,0.610419725195097,0.));
#3940=DIRECTION('center_axis',(-0.990775857271999,-0.135510887558662,0.));
#3941=DIRECTION('ref_axis',(-0.135510887558662,0.990775857271999,0.));
#3942=DIRECTION('',(0.,0.,-1.));
#3943=DIRECTION('',(0.,0.,-1.));
#3944=DIRECTION('',(0.,0.,-1.));
#3945=DIRECTION('',(0.,0.,-1.));
#3946=DIRECTION('',(0.,0.,-1.));
#3947=DIRECTION('',(0.,0.,-1.));
#3948=DIRECTION('center_axis',(-0.610419725195097,-0.792078126886952,0.));
#3949=DIRECTION('ref_axis',(-0.792078126886952,0.610419725195097,0.));
#3950=DIRECTION('',(0.,0.,-1.));
#3951=DIRECTION('center_axis',(-0.612561727394279,-0.790422754057433,0.));
#3952=DIRECTION('ref_axis',(-0.790422754057433,0.612561727394279,0.));
#3953=DIRECTION('',(0.,0.,-1.));
#3954=DIRECTION('center_axis',(-0.990172047031062,-0.139854629091482,0.));
#3955=DIRECTION('ref_axis',(-0.139854629091482,0.990172047031062,0.));
#3956=DIRECTION('center_axis',(0.,0.,1.));
#3957=DIRECTION('ref_axis',(-1.,0.,0.));
#3958=DIRECTION('',(-0.788190022521182,-0.615431952695063,0.));
#3959=DIRECTION('',(-0.135414992299184,-0.99078896837854,0.));
#3960=DIRECTION('',(-0.142223632634161,-0.989834550983316,0.));
#3961=DIRECTION('',(0.,0.,-1.));
#3962=DIRECTION('',(0.,0.,-1.));
#3963=DIRECTION('center_axis',(0.989834550983316,-0.142223632634161,0.));
#3964=DIRECTION('ref_axis',(-0.142223632634161,-0.989834550983316,0.));
#3965=DIRECTION('',(0.,0.,-1.));
#3966=DIRECTION('center_axis',(0.99078896837854,-0.135414992299184,0.));
#3967=DIRECTION('ref_axis',(-0.135414992299184,-0.99078896837854,0.));
#3968=DIRECTION('',(0.,0.,-1.));
#3969=DIRECTION('center_axis',(0.615431952695063,-0.788190022521182,0.));
#3970=DIRECTION('ref_axis',(-0.788190022521182,-0.615431952695063,0.));
#3971=DIRECTION('',(0.,0.,-1.));
#3972=DIRECTION('',(0.,0.,-1.));
#3973=DIRECTION('center_axis',(0.,0.,1.));
#3974=DIRECTION('ref_axis',(-1.,0.,0.));
#3975=DIRECTION('',(0.926954994332546,-0.375172544946921,0.));
#3976=DIRECTION('',(0.926163462719773,-0.377122314803723,0.));
#3977=DIRECTION('',(0.926104678288121,0.377266649536975,0.));
#3978=DIRECTION('center_axis',(0.375172544946921,0.926954994332546,0.));
#3979=DIRECTION('ref_axis',(0.926954994332546,-0.375172544946921,0.));
#3980=DIRECTION('',(0.,0.,-1.));
#3981=DIRECTION('',(0.,0.,-1.));
#3982=DIRECTION('',(0.,0.,-1.));
#3983=DIRECTION('',(0.,0.,-1.));
#3984=DIRECTION('',(0.,0.,-1.));
#3985=DIRECTION('center_axis',(-0.377266649536975,0.926104678288122,0.));
#3986=DIRECTION('ref_axis',(0.926104678288121,0.377266649536975,0.));
#3987=DIRECTION('',(0.,0.,-1.));
#3988=DIRECTION('center_axis',(0.377122314803723,0.926163462719774,0.));
#3989=DIRECTION('ref_axis',(0.926163462719773,-0.377122314803723,0.));
#3990=DIRECTION('center_axis',(0.,0.,1.));
#3991=DIRECTION('ref_axis',(1.,0.,0.));
#3992=DIRECTION('',(0.,0.,-1.));
#3993=DIRECTION('center_axis',(0.,0.,1.));
#3994=DIRECTION('ref_axis',(1.,0.,0.));
#3995=DIRECTION('',(0.,0.,-1.));
#3996=DIRECTION('center_axis',(0.,0.,1.));
#3997=DIRECTION('ref_axis',(1.,0.,0.));
#3998=DIRECTION('',(0.,0.,-1.));
#3999=DIRECTION('center_axis',(0.,0.,1.));
#4000=DIRECTION('ref_axis',(1.,0.,0.));
#4001=DIRECTION('',(0.,0.,-1.));
#4002=DIRECTION('center_axis',(1.,0.,0.));
#4003=DIRECTION('ref_axis',(0.,1.,0.));
#4004=DIRECTION('',(0.,0.,1.));
#4005=DIRECTION('center_axis',(0.,0.,1.));
#4006=DIRECTION('ref_axis',(0.707106781186548,-0.707106781186548,0.));
#4007=DIRECTION('',(0.,0.,-1.));
#4008=DIRECTION('center_axis',(9.86864910777917E-17,-1.,0.));
#4009=DIRECTION('ref_axis',(1.,9.86864910777917E-17,0.));
#4010=DIRECTION('',(0.,0.,1.));
#4011=DIRECTION('center_axis',(0.,0.,1.));
#4012=DIRECTION('ref_axis',(-0.70710678118655,-0.707106781186545,0.));
#4013=DIRECTION('center_axis',(-1.26882631385732E-16,-1.,0.));
#4014=DIRECTION('ref_axis',(1.,-1.26882631385732E-16,0.));
#4015=DIRECTION('center_axis',(0.,0.,-1.));
#4016=DIRECTION('ref_axis',(-1.,0.,0.));
#4017=DIRECTION('',(0.,-1.,0.));
#4018=DIRECTION('center_axis',(0.,0.,-1.));
#4019=DIRECTION('ref_axis',(0.707106781186548,0.707106781186548,0.));
#4020=DIRECTION('',(1.,-9.86864910777917E-17,0.));
#4021=DIRECTION('center_axis',(0.,0.,-1.));
#4022=DIRECTION('ref_axis',(-0.707106781186545,0.70710678118655,0.));
#4023=DIRECTION('',(0.,1.,0.));
#4024=DIRECTION('center_axis',(0.,0.,-1.));
#4025=DIRECTION('ref_axis',(-0.70710678118655,-0.707106781186545,0.));
#4026=DIRECTION('',(-1.,-9.86864910777917E-17,0.));
#4027=DIRECTION('center_axis',(0.,0.,-1.));
#4028=DIRECTION('ref_axis',(0.707106781186548,-0.707106781186548,0.));
#4029=DIRECTION('center_axis',(0.,0.,1.));
#4030=DIRECTION('ref_axis',(1.,0.,0.));
#4031=DIRECTION('center_axis',(0.,0.,1.));
#4032=DIRECTION('ref_axis',(1.,0.,0.));
#4033=DIRECTION('center_axis',(0.,0.,1.));
#4034=DIRECTION('ref_axis',(1.,0.,0.));
#4035=DIRECTION('center_axis',(0.,0.,1.));
#4036=DIRECTION('ref_axis',(1.,0.,0.));
#4037=DIRECTION('',(-1.,1.26882631385732E-16,0.));
#4038=DIRECTION('',(-4.4236399028794E-17,1.,0.));
#4039=DIRECTION('',(1.,0.,0.));
#4040=DIRECTION('',(-4.4236399028794E-17,-1.,0.));
#4041=DIRECTION('center_axis',(1.,-4.4236399028794E-17,0.));
#4042=DIRECTION('ref_axis',(4.4236399028794E-17,1.,0.));
#4043=DIRECTION('',(0.,0.,-1.));
#4044=DIRECTION('',(4.4236399028794E-17,1.,0.));
#4045=DIRECTION('',(0.,0.,1.));
#4046=DIRECTION('center_axis',(0.,1.,0.));
#4047=DIRECTION('ref_axis',(0.,0.,1.));
#4048=DIRECTION('',(0.,0.,1.));
#4049=DIRECTION('',(1.,0.,0.));
#4050=DIRECTION('center_axis',(-1.,0.,0.));
#4051=DIRECTION('ref_axis',(0.,-1.,0.));
#4052=DIRECTION('',(0.,0.,1.));
#4053=DIRECTION('',(0.,1.,0.));
#4054=DIRECTION('',(0.,0.,-1.));
#4055=DIRECTION('center_axis',(0.,0.,1.));
#4056=DIRECTION('ref_axis',(-0.707106781186545,0.70710678118655,0.));
#4057=DIRECTION('',(0.,0.,-1.));
#4058=DIRECTION('center_axis',(0.,0.,1.));
#4059=DIRECTION('ref_axis',(-0.707106781186545,0.70710678118655,0.));
#4060=DIRECTION('center_axis',(9.86864910777917E-17,1.,0.));
#4061=DIRECTION('ref_axis',(-1.,9.86864910777917E-17,0.));
#4062=DIRECTION('',(0.,0.,1.));
#4063=DIRECTION('',(1.,-9.86864910777917E-17,0.));
#4064=DIRECTION('',(0.,0.,-1.));
#4065=DIRECTION('',(1.,-9.86864910777917E-17,0.));
#4066=DIRECTION('',(0.,0.,1.));
#4067=DIRECTION('',(-1.,9.86864910777917E-17,0.));
#4068=DIRECTION('center_axis',(0.,0.,1.));
#4069=DIRECTION('ref_axis',(0.707106781186548,0.707106781186548,0.));
#4070=DIRECTION('',(0.,0.,-1.));
#4071=DIRECTION('center_axis',(0.,0.,1.));
#4072=DIRECTION('ref_axis',(0.707106781186548,0.707106781186548,0.));
#4073=DIRECTION('center_axis',(-1.,-4.4236399028794E-17,0.));
#4074=DIRECTION('ref_axis',(4.4236399028794E-17,-1.,0.));
#4075=DIRECTION('',(0.,0.,1.));
#4076=DIRECTION('',(4.4236399028794E-17,-1.,0.));
#4077=DIRECTION('center_axis',(-1.26882631385732E-16,-1.,0.));
#4078=DIRECTION('ref_axis',(1.,-1.26882631385732E-16,0.));
#4079=DIRECTION('',(1.,-1.26882631385732E-16,0.));
#4080=DIRECTION('',(0.,0.,1.));
#4081=DIRECTION('',(1.,-1.26882631385732E-16,0.));
#4082=DIRECTION('',(0.,0.,-1.));
#4083=DIRECTION('',(1.,-1.26882631385732E-16,0.));
#4084=DIRECTION('center_axis',(1.,0.,0.));
#4085=DIRECTION('ref_axis',(0.,1.,0.));
#4086=DIRECTION('',(0.,0.,1.));
#4087=DIRECTION('',(0.,-1.,0.));
#4088=DIRECTION('center_axis',(0.,0.,1.));
#4089=DIRECTION('ref_axis',(0.707106781186548,-0.707106781186548,0.));
#4090=DIRECTION('',(0.,0.,-1.));
#4091=DIRECTION('center_axis',(0.,0.,1.));
#4092=DIRECTION('ref_axis',(0.707106781186548,-0.707106781186548,0.));
#4093=DIRECTION('center_axis',(9.86864910777917E-17,-1.,0.));
#4094=DIRECTION('ref_axis',(1.,9.86864910777917E-17,0.));
#4095=DIRECTION('',(0.,0.,1.));
#4096=DIRECTION('',(-1.,-9.86864910777917E-17,0.));
#4097=DIRECTION('center_axis',(0.,0.,1.));
#4098=DIRECTION('ref_axis',(-0.70710678118655,-0.707106781186545,0.));
#4099=DIRECTION('center_axis',(0.,0.,1.));
#4100=DIRECTION('ref_axis',(-0.70710678118655,-0.707106781186545,0.));
#4101=DIRECTION('center_axis',(0.,0.,1.));
#4102=DIRECTION('ref_axis',(1.,0.,0.));
#4103=DIRECTION('center_axis',(0.,0.,-1.));
#4104=DIRECTION('ref_axis',(1.,0.,0.));
#4105=DIRECTION('center_axis',(0.,0.,-1.));
#4106=DIRECTION('ref_axis',(1.,0.,0.));
#4107=DIRECTION('center_axis',(0.,0.,-1.));
#4108=DIRECTION('ref_axis',(1.,0.,0.));
#4109=DIRECTION('center_axis',(0.,0.,-1.));
#4110=DIRECTION('ref_axis',(1.,0.,0.));
#4111=DIRECTION('center_axis',(0.,0.,-1.));
#4112=DIRECTION('ref_axis',(1.,0.,0.));
#4113=DIRECTION('',(0.,-1.,0.));
#4114=DIRECTION('',(1.,0.,0.));
#4115=DIRECTION('',(0.,-1.,0.));
#4116=DIRECTION('center_axis',(1.,0.,0.));
#4117=DIRECTION('ref_axis',(0.,0.,1.));
#4118=DIRECTION('',(0.,-1.,0.));
#4119=DIRECTION('',(0.,-1.,0.));
#4120=DIRECTION('',(0.,0.,1.));
#4121=DIRECTION('center_axis',(0.,0.,1.));
#4122=DIRECTION('ref_axis',(-1.,0.,0.));
#4123=DIRECTION('',(0.,-1.,0.));
#4124=DIRECTION('center_axis',(-1.,0.,0.));
#4125=DIRECTION('ref_axis',(0.,0.,-1.));
#4126=DIRECTION('',(0.,1.,0.));
#4127=DIRECTION('',(0.,0.,-1.));
#4128=DIRECTION('center_axis',(0.,-1.,0.));
#4129=DIRECTION('ref_axis',(0.,0.,-1.));
#4130=DIRECTION('',(-1.,0.,0.));
#4131=DIRECTION('center_axis',(0.,0.,1.));
#4132=DIRECTION('ref_axis',(1.,0.,0.));
#4133=DIRECTION('center_axis',(0.,0.,1.));
#4134=DIRECTION('ref_axis',(1.,0.,0.));
#4135=DIRECTION('',(0.,0.,-1.));
#4136=DIRECTION('center_axis',(0.,0.,1.));
#4137=DIRECTION('ref_axis',(1.,0.,0.));
#4138=DIRECTION('',(0.,0.,-1.));
#4139=DIRECTION('center_axis',(0.,0.,1.));
#4140=DIRECTION('ref_axis',(1.,0.,0.));
#4141=DIRECTION('',(0.,0.,-1.));
#4142=DIRECTION('center_axis',(0.,0.,1.));
#4143=DIRECTION('ref_axis',(1.,0.,0.));
#4144=DIRECTION('',(0.,0.,-1.));
#4145=CARTESIAN_POINT('',(0.,0.,0.));
#4146=CARTESIAN_POINT('Origin',(-139.456275764169,-36.1878441682319,2.9900430340615));
#4147=CARTESIAN_POINT('',(-139.456275764169,64.2021558317681,12.6850430340615));
#4148=CARTESIAN_POINT('',(-139.456275764169,-33.0338441682319,12.6850430340615));
#4149=CARTESIAN_POINT('',(-139.456275764169,-11.0903441682319,12.6850430340615));
#4150=CARTESIAN_POINT('',(-139.456275764169,64.2021558317681,17.7280430340615));
#4151=CARTESIAN_POINT('',(-139.456275764169,64.2021558317681,2.9900430340615));
#4152=CARTESIAN_POINT('',(-139.456275764169,-33.0338441682319,17.7280430340615));
#4153=CARTESIAN_POINT('',(-139.456275764169,-11.0903441682319,17.7280430340615));
#4154=CARTESIAN_POINT('',(-139.456275764169,-33.0338441682319,17.7275627191005));
#4155=CARTESIAN_POINT('',(-139.456275764169,-33.0338441682319,2.9900430340615));
#4156=CARTESIAN_POINT('',(-139.456275764169,64.2017334792249,17.7275627191005));
#4157=CARTESIAN_POINT('',(-139.456275764169,-34.6108441682319,17.7275627191005));
#4158=CARTESIAN_POINT('',(-139.456275764169,64.2017334792249,14.7275627191005));
#4159=CARTESIAN_POINT('',(-139.456275764169,64.2017334792249,10.358802876581));
#4160=CARTESIAN_POINT('',(-139.456275764169,-33.0338441682319,14.7275627191005));
#4161=CARTESIAN_POINT('',(-139.456275764169,14.0069446554965,14.7275627191005));
#4162=CARTESIAN_POINT('',(-139.456275764169,-33.0338441682319,2.9900430340615));
#4163=CARTESIAN_POINT('Origin',(-149.456275764169,74.2021558317681,2.9900430340615));
#4164=CARTESIAN_POINT('',(-149.456275764169,-43.187844168232,12.6850430340615));
#4165=CARTESIAN_POINT('',(-149.456275764169,71.202155831768,12.6850430340615));
#4166=CARTESIAN_POINT('',(-149.456275764169,44.104655831768,12.6850430340615));
#4167=CARTESIAN_POINT('',(-149.456275764169,-43.187844168232,17.7280430340615));
#4168=CARTESIAN_POINT('',(-149.456275764169,-43.187844168232,2.9900430340615));
#4169=CARTESIAN_POINT('',(-149.456275764169,71.202155831768,17.7280430340615));
#4170=CARTESIAN_POINT('',(-149.456275764169,44.104655831768,17.7280430340615));
#4171=CARTESIAN_POINT('',(-149.456275764169,71.202155831768,2.9900430340615));
#4172=CARTESIAN_POINT('Origin',(-146.456275764169,71.202155831768,2.9900430340615));
#4173=CARTESIAN_POINT('',(-146.456275764169,74.2021558317681,12.6850430340615));
#4174=CARTESIAN_POINT('Origin',(-146.456275764169,71.202155831768,12.6850430340615));
#4175=CARTESIAN_POINT('',(-146.456275764169,74.2021558317681,17.7280430340615));
#4176=CARTESIAN_POINT('Origin',(-146.456275764169,71.202155831768,17.7280430340615));
#4177=CARTESIAN_POINT('',(-146.456275764169,74.2021558317681,2.9900430340615));
#4178=CARTESIAN_POINT('Origin',(-59.4562757641691,74.202155831768,2.9900430340615));
#4179=CARTESIAN_POINT('',(-62.4562757641691,74.202155831768,12.6850430340615));
#4180=CARTESIAN_POINT('',(-81.9562757641691,74.202155831768,12.6850430340615));
#4181=CARTESIAN_POINT('',(-62.4562757641691,74.202155831768,17.7280430340615));
#4182=CARTESIAN_POINT('',(-81.9562757641691,74.202155831768,17.7280430340615));
#4183=CARTESIAN_POINT('',(-62.4562757641691,74.202155831768,2.9900430340615));
#4184=CARTESIAN_POINT('Origin',(-62.4562757641691,71.202155831768,2.9900430340615));
#4185=CARTESIAN_POINT('',(-59.4562757641691,71.202155831768,12.6850430340615));
#4186=CARTESIAN_POINT('Origin',(-62.4562757641691,71.202155831768,12.6850430340615));
#4187=CARTESIAN_POINT('',(-59.4562757641691,71.202155831768,17.7280430340615));
#4188=CARTESIAN_POINT('Origin',(-62.4562757641691,71.202155831768,17.7280430340615));
#4189=CARTESIAN_POINT('',(-59.4562757641691,71.202155831768,2.9900430340615));
#4190=CARTESIAN_POINT('Origin',(-104.456275764169,14.0071558317681,17.7280430340615));
#4191=CARTESIAN_POINT('',(-146.456275764169,-46.1878441682319,17.7280430340615));
#4192=CARTESIAN_POINT('Origin',(-146.456275764169,-43.187844168232,17.7280430340615));
#4193=CARTESIAN_POINT('',(-62.4562757641691,-46.1878441682319,17.7280430340615));
#4194=CARTESIAN_POINT('',(-126.956275764169,-46.1878441682319,17.7280430340615));
#4195=CARTESIAN_POINT('',(-59.4562757641691,-43.1878441682319,17.7280430340615));
#4196=CARTESIAN_POINT('Origin',(-62.4562757641691,-43.1878441682319,17.7280430340615));
#4197=CARTESIAN_POINT('',(-59.4562757641691,-16.0903441682319,17.7280430340615));
#4198=CARTESIAN_POINT('',(-78.4722757641691,64.202155831768,17.7280430340615));
#4199=CARTESIAN_POINT('',(-121.956275764169,64.2021558317681,17.7280430340615));
#4200=CARTESIAN_POINT('',(-78.4722757641691,-33.0338441682319,17.7280430340615));
#4201=CARTESIAN_POINT('',(-78.4722757641691,39.104655831768,17.7280430340615));
#4202=CARTESIAN_POINT('',(-86.9562757641691,-33.0338441682319,17.7280430340615));
#4203=CARTESIAN_POINT('',(-145.906276360216,-40.9928449877958,17.7280430340615));
#4204=CARTESIAN_POINT('Origin',(-144.456276360216,-40.9928449877958,17.7280430340615));
#4205=CARTESIAN_POINT('',(-65.9062751681227,69.0071566513319,17.7280430340615));
#4206=CARTESIAN_POINT('Origin',(-64.4562751681227,69.0071566513319,17.7280430340615));
#4207=CARTESIAN_POINT('',(-65.9062751681227,-40.9928449877958,17.7280430340615));
#4208=CARTESIAN_POINT('Origin',(-64.4562751681227,-40.9928449877958,17.7280430340615));
#4209=CARTESIAN_POINT('',(-145.906275764169,69.007155831768,17.7280430340615));
#4210=CARTESIAN_POINT('Origin',(-144.456275764169,69.007155831768,17.7280430340615));
#4211=CARTESIAN_POINT('Origin',(-107.047702163392,5.06573347922488,14.7275627191005));
#4212=CARTESIAN_POINT('',(-78.4727021633916,-33.0338441682319,14.7275627191005));
#4213=CARTESIAN_POINT('',(-102.53948896378,-33.0338441682319,14.7275627191005));
#4214=CARTESIAN_POINT('',(-78.4727021633916,64.2017334792249,14.7275627191005));
#4215=CARTESIAN_POINT('',(-135.622702163392,64.2017334792249,14.7275627191005));
#4216=CARTESIAN_POINT('',(-78.4727021633916,-33.0342665207751,14.7275627191005));
#4217=CARTESIAN_POINT('',(-134.659076314879,36.2232915287025,14.7275627191005));
#4218=CARTESIAN_POINT('',(-134.659076314879,23.5653383551039,14.7275627191005));
#4219=CARTESIAN_POINT('',(-134.659076314879,14.3155359171644,14.7275627191005));
#4220=CARTESIAN_POINT('',(-98.031807557232,23.5653383551039,14.7275627191005));
#4221=CARTESIAN_POINT('',(-102.539754860312,23.5653383551039,14.7275627191005));
#4222=CARTESIAN_POINT('',(-98.031807557232,36.2232915287025,14.7275627191005));
#4223=CARTESIAN_POINT('',(-98.031807557232,20.6445125039637,14.7275627191005));
#4224=CARTESIAN_POINT('',(-120.853389239135,36.2232915287025,14.7275627191005));
#4225=CARTESIAN_POINT('',(-81.4977021633916,-16.5092665207751,14.7275627191005));
#4226=CARTESIAN_POINT('',(-80.9977021633916,-17.0092665207751,14.7275627191005));
#4227=CARTESIAN_POINT('Origin',(-81.4977021633916,-17.0092665207751,14.7275627191005));
#4228=CARTESIAN_POINT('',(-94.4977021633916,-16.5092665207751,14.7275627191005));
#4229=CARTESIAN_POINT('',(-94.4977021633916,-16.5092665207751,14.7275627191005));
#4230=CARTESIAN_POINT('',(-94.9977021633916,-17.0092665207751,14.7275627191005));
#4231=CARTESIAN_POINT('Origin',(-94.4977021633916,-17.0092665207751,14.7275627191005));
#4232=CARTESIAN_POINT('',(-94.9977021633916,-30.0092665207751,14.7275627191005));
#4233=CARTESIAN_POINT('',(-94.9977021633916,-17.0092665207751,14.7275627191005));
#4234=CARTESIAN_POINT('',(-94.4977021633916,-30.5092665207751,14.7275627191005));
#4235=CARTESIAN_POINT('Origin',(-94.4977021633916,-30.0092665207751,14.7275627191005));
#4236=CARTESIAN_POINT('',(-81.4977021633916,-30.5092665207751,14.7275627191005));
#4237=CARTESIAN_POINT('',(-94.4977021633916,-30.5092665207751,14.7275627191005));
#4238=CARTESIAN_POINT('',(-80.9977021633916,-30.0092665207751,14.7275627191005));
#4239=CARTESIAN_POINT('Origin',(-81.4977021633916,-30.0092665207751,14.7275627191005));
#4240=CARTESIAN_POINT('',(-80.9977021633916,-17.0092665207751,14.7275627191005));
#4241=CARTESIAN_POINT('',(-133.097702163392,21.0907334792249,14.7275627191005));
#4242=CARTESIAN_POINT('',(-132.597702163392,21.5907334792249,14.7275627191005));
#4243=CARTESIAN_POINT('Origin',(-132.597702163392,21.0907334792249,14.7275627191005));
#4244=CARTESIAN_POINT('',(-133.097702163392,8.09073347922488,14.7275627191005));
#4245=CARTESIAN_POINT('',(-133.097702163392,21.0907334792249,14.7275627191005));
#4246=CARTESIAN_POINT('',(-132.597702163392,7.59073347922488,14.7275627191005));
#4247=CARTESIAN_POINT('Origin',(-132.597702163392,8.09073347922488,14.7275627191005));
#4248=CARTESIAN_POINT('',(-119.597702163392,7.59073347922488,14.7275627191005));
#4249=CARTESIAN_POINT('',(-132.597702163392,7.59073347922488,14.7275627191005));
#4250=CARTESIAN_POINT('',(-119.097702163392,8.09073347922488,14.7275627191005));
#4251=CARTESIAN_POINT('Origin',(-119.597702163392,8.09073347922488,14.7275627191005));
#4252=CARTESIAN_POINT('',(-119.097702163392,21.0907334792249,14.7275627191005));
#4253=CARTESIAN_POINT('',(-119.097702163392,21.0907334792249,14.7275627191005));
#4254=CARTESIAN_POINT('',(-119.597702163392,21.5907334792249,14.7275627191005));
#4255=CARTESIAN_POINT('Origin',(-119.597702163392,21.0907334792249,14.7275627191005));
#4256=CARTESIAN_POINT('',(-132.597702163392,21.5907334792249,14.7275627191005));
#4257=CARTESIAN_POINT('',(-114.047702163392,21.0907334792249,14.7275627191005));
#4258=CARTESIAN_POINT('',(-113.547702163392,21.5907334792249,14.7275627191005));
#4259=CARTESIAN_POINT('Origin',(-113.547702163392,21.0907334792249,14.7275627191005));
#4260=CARTESIAN_POINT('',(-114.047702163392,8.09073347922488,14.7275627191005));
#4261=CARTESIAN_POINT('',(-114.047702163392,21.0907334792249,14.7275627191005));
#4262=CARTESIAN_POINT('',(-113.547702163392,7.59073347922488,14.7275627191005));
#4263=CARTESIAN_POINT('Origin',(-113.547702163392,8.09073347922488,14.7275627191005));
#4264=CARTESIAN_POINT('',(-100.547702163392,7.59073347922488,14.7275627191005));
#4265=CARTESIAN_POINT('',(-113.547702163392,7.59073347922488,14.7275627191005));
#4266=CARTESIAN_POINT('',(-100.047702163392,8.09073347922488,14.7275627191005));
#4267=CARTESIAN_POINT('Origin',(-100.547702163392,8.09073347922488,14.7275627191005));
#4268=CARTESIAN_POINT('',(-100.047702163392,21.0907334792249,14.7275627191005));
#4269=CARTESIAN_POINT('',(-100.047702163392,21.0907334792249,14.7275627191005));
#4270=CARTESIAN_POINT('',(-100.547702163392,21.5907334792249,14.7275627191005));
#4271=CARTESIAN_POINT('Origin',(-100.547702163392,21.0907334792249,14.7275627191005));
#4272=CARTESIAN_POINT('',(-113.547702163392,21.5907334792249,14.7275627191005));
#4273=CARTESIAN_POINT('',(-94.9977021633916,21.0907334792249,14.7275627191005));
#4274=CARTESIAN_POINT('',(-94.4977021633916,21.5907334792249,14.7275627191005));
#4275=CARTESIAN_POINT('Origin',(-94.4977021633916,21.0907334792249,14.7275627191005));
#4276=CARTESIAN_POINT('',(-94.9977021633916,8.09073347922488,14.7275627191005));
#4277=CARTESIAN_POINT('',(-94.9977021633916,21.0907334792249,14.7275627191005));
#4278=CARTESIAN_POINT('',(-94.4977021633916,7.59073347922488,14.7275627191005));
#4279=CARTESIAN_POINT('Origin',(-94.4977021633916,8.09073347922488,14.7275627191005));
#4280=CARTESIAN_POINT('',(-81.4977021633916,7.59073347922488,14.7275627191005));
#4281=CARTESIAN_POINT('',(-94.4977021633916,7.59073347922488,14.7275627191005));
#4282=CARTESIAN_POINT('',(-80.9977021633916,8.09073347922488,14.7275627191005));
#4283=CARTESIAN_POINT('Origin',(-81.4977021633916,8.09073347922488,14.7275627191005));
#4284=CARTESIAN_POINT('',(-80.9977021633916,21.0907334792249,14.7275627191005));
#4285=CARTESIAN_POINT('',(-80.9977021633916,21.0907334792249,14.7275627191005));
#4286=CARTESIAN_POINT('',(-81.4977021633916,21.5907334792249,14.7275627191005));
#4287=CARTESIAN_POINT('Origin',(-81.4977021633916,21.0907334792249,14.7275627191005));
#4288=CARTESIAN_POINT('',(-94.4977021633916,21.5907334792249,14.7275627191005));
#4289=CARTESIAN_POINT('',(-133.097702163392,2.04073347922488,14.7275627191005));
#4290=CARTESIAN_POINT('',(-132.597702163392,2.54073347922488,14.7275627191005));
#4291=CARTESIAN_POINT('Origin',(-132.597702163392,2.04073347922488,14.7275627191005));
#4292=CARTESIAN_POINT('',(-133.097702163392,-10.9592665207751,14.7275627191005));
#4293=CARTESIAN_POINT('',(-133.097702163392,2.04073347922488,14.7275627191005));
#4294=CARTESIAN_POINT('',(-132.597702163392,-11.4592665207751,14.7275627191005));
#4295=CARTESIAN_POINT('Origin',(-132.597702163392,-10.9592665207751,14.7275627191005));
#4296=CARTESIAN_POINT('',(-119.597702163392,-11.4592665207751,14.7275627191005));
#4297=CARTESIAN_POINT('',(-132.597702163392,-11.4592665207751,14.7275627191005));
#4298=CARTESIAN_POINT('',(-119.097702163392,-10.9592665207751,14.7275627191005));
#4299=CARTESIAN_POINT('Origin',(-119.597702163392,-10.9592665207751,14.7275627191005));
#4300=CARTESIAN_POINT('',(-119.097702163392,2.04073347922488,14.7275627191005));
#4301=CARTESIAN_POINT('',(-119.097702163392,2.04073347922488,14.7275627191005));
#4302=CARTESIAN_POINT('',(-119.597702163392,2.54073347922488,14.7275627191005));
#4303=CARTESIAN_POINT('Origin',(-119.597702163392,2.04073347922488,14.7275627191005));
#4304=CARTESIAN_POINT('',(-132.597702163392,2.54073347922488,14.7275627191005));
#4305=CARTESIAN_POINT('',(-114.047702163392,2.04073347922488,14.7275627191005));
#4306=CARTESIAN_POINT('',(-113.547702163392,2.54073347922488,14.7275627191005));
#4307=CARTESIAN_POINT('Origin',(-113.547702163392,2.04073347922488,14.7275627191005));
#4308=CARTESIAN_POINT('',(-114.047702163392,-10.9592665207751,14.7275627191005));
#4309=CARTESIAN_POINT('',(-114.047702163392,2.04073347922488,14.7275627191005));
#4310=CARTESIAN_POINT('',(-113.547702163392,-11.4592665207751,14.7275627191005));
#4311=CARTESIAN_POINT('Origin',(-113.547702163392,-10.9592665207751,14.7275627191005));
#4312=CARTESIAN_POINT('',(-100.547702163392,-11.4592665207751,14.7275627191005));
#4313=CARTESIAN_POINT('',(-113.547702163392,-11.4592665207751,14.7275627191005));
#4314=CARTESIAN_POINT('',(-100.047702163392,-10.9592665207751,14.7275627191005));
#4315=CARTESIAN_POINT('Origin',(-100.547702163392,-10.9592665207751,14.7275627191005));
#4316=CARTESIAN_POINT('',(-100.047702163392,2.04073347922488,14.7275627191005));
#4317=CARTESIAN_POINT('',(-100.047702163392,2.04073347922488,14.7275627191005));
#4318=CARTESIAN_POINT('',(-100.547702163392,2.54073347922488,14.7275627191005));
#4319=CARTESIAN_POINT('Origin',(-100.547702163392,2.04073347922488,14.7275627191005));
#4320=CARTESIAN_POINT('',(-113.547702163392,2.54073347922488,14.7275627191005));
#4321=CARTESIAN_POINT('',(-94.9977021633916,2.04073347922488,14.7275627191005));
#4322=CARTESIAN_POINT('',(-94.4977021633916,2.54073347922488,14.7275627191005));
#4323=CARTESIAN_POINT('Origin',(-94.4977021633916,2.04073347922488,14.7275627191005));
#4324=CARTESIAN_POINT('',(-94.9977021633916,-10.9592665207751,14.7275627191005));
#4325=CARTESIAN_POINT('',(-94.9977021633916,2.04073347922488,14.7275627191005));
#4326=CARTESIAN_POINT('',(-94.4977021633916,-11.4592665207751,14.7275627191005));
#4327=CARTESIAN_POINT('Origin',(-94.4977021633916,-10.9592665207751,14.7275627191005));
#4328=CARTESIAN_POINT('',(-81.4977021633916,-11.4592665207751,14.7275627191005));
#4329=CARTESIAN_POINT('',(-94.4977021633916,-11.4592665207751,14.7275627191005));
#4330=CARTESIAN_POINT('',(-80.9977021633916,-10.9592665207751,14.7275627191005));
#4331=CARTESIAN_POINT('Origin',(-81.4977021633916,-10.9592665207751,14.7275627191005));
#4332=CARTESIAN_POINT('',(-80.9977021633916,2.04073347922488,14.7275627191005));
#4333=CARTESIAN_POINT('',(-80.9977021633916,2.04073347922488,14.7275627191005));
#4334=CARTESIAN_POINT('',(-81.4977021633916,2.54073347922488,14.7275627191005));
#4335=CARTESIAN_POINT('Origin',(-81.4977021633916,2.04073347922488,14.7275627191005));
#4336=CARTESIAN_POINT('',(-94.4977021633916,2.54073347922488,14.7275627191005));
#4337=CARTESIAN_POINT('',(-133.097702163392,-17.0092665207751,14.7275627191005));
#4338=CARTESIAN_POINT('',(-132.597702163392,-16.5092665207751,14.7275627191005));
#4339=CARTESIAN_POINT('Origin',(-132.597702163392,-17.0092665207751,14.7275627191005));
#4340=CARTESIAN_POINT('',(-133.097702163392,-30.0092665207751,14.7275627191005));
#4341=CARTESIAN_POINT('',(-133.097702163392,-17.0092665207751,14.7275627191005));
#4342=CARTESIAN_POINT('',(-132.597702163392,-30.5092665207751,14.7275627191005));
#4343=CARTESIAN_POINT('Origin',(-132.597702163392,-30.0092665207751,14.7275627191005));
#4344=CARTESIAN_POINT('',(-119.597702163392,-30.5092665207751,14.7275627191005));
#4345=CARTESIAN_POINT('',(-132.597702163392,-30.5092665207751,14.7275627191005));
#4346=CARTESIAN_POINT('',(-119.097702163392,-30.0092665207751,14.7275627191005));
#4347=CARTESIAN_POINT('Origin',(-119.597702163392,-30.0092665207751,14.7275627191005));
#4348=CARTESIAN_POINT('',(-119.097702163392,-17.0092665207751,14.7275627191005));
#4349=CARTESIAN_POINT('',(-119.097702163392,-17.0092665207751,14.7275627191005));
#4350=CARTESIAN_POINT('',(-119.597702163392,-16.5092665207751,14.7275627191005));
#4351=CARTESIAN_POINT('Origin',(-119.597702163392,-17.0092665207751,14.7275627191005));
#4352=CARTESIAN_POINT('',(-132.597702163392,-16.5092665207751,14.7275627191005));
#4353=CARTESIAN_POINT('',(-114.047702163392,-17.0092665207751,14.7275627191005));
#4354=CARTESIAN_POINT('',(-113.547702163392,-16.5092665207751,14.7275627191005));
#4355=CARTESIAN_POINT('Origin',(-113.547702163392,-17.0092665207751,14.7275627191005));
#4356=CARTESIAN_POINT('',(-114.047702163392,-30.0092665207751,14.7275627191005));
#4357=CARTESIAN_POINT('',(-114.047702163392,-17.0092665207751,14.7275627191005));
#4358=CARTESIAN_POINT('',(-113.547702163392,-30.5092665207751,14.7275627191005));
#4359=CARTESIAN_POINT('Origin',(-113.547702163392,-30.0092665207751,14.7275627191005));
#4360=CARTESIAN_POINT('',(-100.547702163392,-30.5092665207751,14.7275627191005));
#4361=CARTESIAN_POINT('',(-113.547702163392,-30.5092665207751,14.7275627191005));
#4362=CARTESIAN_POINT('',(-100.047702163392,-30.0092665207751,14.7275627191005));
#4363=CARTESIAN_POINT('Origin',(-100.547702163392,-30.0092665207751,14.7275627191005));
#4364=CARTESIAN_POINT('',(-100.047702163392,-17.0092665207751,14.7275627191005));
#4365=CARTESIAN_POINT('',(-100.047702163392,-17.0092665207751,14.7275627191005));
#4366=CARTESIAN_POINT('',(-100.547702163392,-16.5092665207751,14.7275627191005));
#4367=CARTESIAN_POINT('Origin',(-100.547702163392,-17.0092665207751,14.7275627191005));
#4368=CARTESIAN_POINT('',(-113.547702163392,-16.5092665207751,14.7275627191005));
#4369=CARTESIAN_POINT('',(-94.9977021633916,40.1407334792249,14.7275627191005));
#4370=CARTESIAN_POINT('',(-94.4977021633916,40.6407334792249,14.7275627191005));
#4371=CARTESIAN_POINT('Origin',(-94.4977021633916,40.1407334792249,14.7275627191005));
#4372=CARTESIAN_POINT('',(-94.9977021633916,27.1407334792249,14.7275627191005));
#4373=CARTESIAN_POINT('',(-94.9977021633916,40.1407334792249,14.7275627191005));
#4374=CARTESIAN_POINT('',(-94.4977021633916,26.6407334792249,14.7275627191005));
#4375=CARTESIAN_POINT('Origin',(-94.4977021633916,27.1407334792249,14.7275627191005));
#4376=CARTESIAN_POINT('',(-81.4977021633916,26.6407334792249,14.7275627191005));
#4377=CARTESIAN_POINT('',(-94.4977021633916,26.6407334792249,14.7275627191005));
#4378=CARTESIAN_POINT('',(-80.9977021633916,27.1407334792249,14.7275627191005));
#4379=CARTESIAN_POINT('Origin',(-81.4977021633916,27.1407334792249,14.7275627191005));
#4380=CARTESIAN_POINT('',(-80.9977021633916,40.1407334792249,14.7275627191005));
#4381=CARTESIAN_POINT('',(-80.9977021633916,40.1407334792249,14.7275627191005));
#4382=CARTESIAN_POINT('',(-81.4977021633916,40.6407334792249,14.7275627191005));
#4383=CARTESIAN_POINT('Origin',(-81.4977021633916,40.1407334792249,14.7275627191005));
#4384=CARTESIAN_POINT('',(-94.4977021633916,40.6407334792249,14.7275627191005));
#4385=CARTESIAN_POINT('Origin',(-78.4727021633916,-33.0342665207751,14.7275627191005));
#4386=CARTESIAN_POINT('',(-78.4727021633916,-33.0338441682319,17.7275627191005));
#4387=CARTESIAN_POINT('',(-78.4727021633916,-33.0338441682319,8.858802876581));
#4388=CARTESIAN_POINT('',(-78.4727021633916,64.2017334792249,17.7275627191005));
#4389=CARTESIAN_POINT('',(-78.4727021633916,64.2017334792249,14.7275627191005));
#4390=CARTESIAN_POINT('',(-78.4727021633916,-33.0342665207751,17.7275627191005));
#4391=CARTESIAN_POINT('Origin',(-81.4977021633916,-17.0092665207751,14.7275627191005));
#4392=CARTESIAN_POINT('',(-80.9977021633916,-17.0092665207751,17.7275627191005));
#4393=CARTESIAN_POINT('',(-80.9977021633916,-17.0092665207751,14.7275627191005));
#4394=CARTESIAN_POINT('',(-81.4977021633916,-16.5092665207751,17.7275627191005));
#4395=CARTESIAN_POINT('Origin',(-81.4977021633916,-17.0092665207751,17.7275627191005));
#4396=CARTESIAN_POINT('',(-81.4977021633916,-16.5092665207751,14.7275627191005));
#4397=CARTESIAN_POINT('Origin',(-80.9977021633916,-17.0092665207751,14.7275627191005));
#4398=CARTESIAN_POINT('',(-80.9977021633916,-30.0092665207751,17.7275627191005));
#4399=CARTESIAN_POINT('',(-80.9977021633916,-30.0092665207751,14.7275627191005));
#4400=CARTESIAN_POINT('',(-80.9977021633916,-17.0092665207751,17.7275627191005));
#4401=CARTESIAN_POINT('Origin',(-81.4977021633916,-30.0092665207751,14.7275627191005));
#4402=CARTESIAN_POINT('',(-81.4977021633916,-30.5092665207751,17.7275627191005));
#4403=CARTESIAN_POINT('',(-81.4977021633916,-30.5092665207751,14.7275627191005));
#4404=CARTESIAN_POINT('Origin',(-81.4977021633916,-30.0092665207751,17.7275627191005));
#4405=CARTESIAN_POINT('Origin',(-81.4977021633916,-30.5092665207751,14.7275627191005));
#4406=CARTESIAN_POINT('',(-94.4977021633916,-30.5092665207751,17.7275627191005));
#4407=CARTESIAN_POINT('',(-94.4977021633916,-30.5092665207751,14.7275627191005));
#4408=CARTESIAN_POINT('',(-94.4977021633916,-30.5092665207751,17.7275627191005));
#4409=CARTESIAN_POINT('Origin',(-94.4977021633916,-30.0092665207751,14.7275627191005));
#4410=CARTESIAN_POINT('',(-94.9977021633916,-30.0092665207751,17.7275627191005));
#4411=CARTESIAN_POINT('',(-94.9977021633916,-30.0092665207751,14.7275627191005));
#4412=CARTESIAN_POINT('Origin',(-94.4977021633916,-30.0092665207751,17.7275627191005));
#4413=CARTESIAN_POINT('Origin',(-94.9977021633916,-30.0092665207751,14.7275627191005));
#4414=CARTESIAN_POINT('',(-94.9977021633916,-17.0092665207751,17.7275627191005));
#4415=CARTESIAN_POINT('',(-94.9977021633916,-17.0092665207751,14.7275627191005));
#4416=CARTESIAN_POINT('',(-94.9977021633916,-17.0092665207751,17.7275627191005));
#4417=CARTESIAN_POINT('Origin',(-94.4977021633916,-17.0092665207751,14.7275627191005));
#4418=CARTESIAN_POINT('',(-94.4977021633916,-16.5092665207751,17.7275627191005));
#4419=CARTESIAN_POINT('',(-94.4977021633916,-16.5092665207751,14.7275627191005));
#4420=CARTESIAN_POINT('Origin',(-94.4977021633916,-17.0092665207751,17.7275627191005));
#4421=CARTESIAN_POINT('Origin',(-94.4977021633916,-16.5092665207751,14.7275627191005));
#4422=CARTESIAN_POINT('',(-94.4977021633916,-16.5092665207751,17.7275627191005));
#4423=CARTESIAN_POINT('Origin',(-132.597702163392,21.0907334792249,14.7275627191005));
#4424=CARTESIAN_POINT('',(-132.597702163392,21.5907334792249,17.7275627191005));
#4425=CARTESIAN_POINT('',(-132.597702163392,21.5907334792249,14.7275627191005));
#4426=CARTESIAN_POINT('',(-133.097702163392,21.0907334792249,17.7275627191005));
#4427=CARTESIAN_POINT('Origin',(-132.597702163392,21.0907334792249,17.7275627191005));
#4428=CARTESIAN_POINT('',(-133.097702163392,21.0907334792249,14.7275627191005));
#4429=CARTESIAN_POINT('Origin',(-132.597702163392,21.5907334792249,14.7275627191005));
#4430=CARTESIAN_POINT('',(-119.597702163392,21.5907334792249,17.7275627191005));
#4431=CARTESIAN_POINT('',(-119.597702163392,21.5907334792249,14.7275627191005));
#4432=CARTESIAN_POINT('',(-132.597702163392,21.5907334792249,17.7275627191005));
#4433=CARTESIAN_POINT('Origin',(-119.597702163392,21.0907334792249,14.7275627191005));
#4434=CARTESIAN_POINT('',(-119.097702163392,21.0907334792249,17.7275627191005));
#4435=CARTESIAN_POINT('',(-119.097702163392,21.0907334792249,14.7275627191005));
#4436=CARTESIAN_POINT('Origin',(-119.597702163392,21.0907334792249,17.7275627191005));
#4437=CARTESIAN_POINT('Origin',(-119.097702163392,21.0907334792249,14.7275627191005));
#4438=CARTESIAN_POINT('',(-119.097702163392,8.09073347922488,17.7275627191005));
#4439=CARTESIAN_POINT('',(-119.097702163392,8.09073347922488,14.7275627191005));
#4440=CARTESIAN_POINT('',(-119.097702163392,21.0907334792249,17.7275627191005));
#4441=CARTESIAN_POINT('Origin',(-119.597702163392,8.09073347922488,14.7275627191005));
#4442=CARTESIAN_POINT('',(-119.597702163392,7.59073347922488,17.7275627191005));
#4443=CARTESIAN_POINT('',(-119.597702163392,7.59073347922488,14.7275627191005));
#4444=CARTESIAN_POINT('Origin',(-119.597702163392,8.09073347922488,17.7275627191005));
#4445=CARTESIAN_POINT('Origin',(-119.597702163392,7.59073347922488,14.7275627191005));
#4446=CARTESIAN_POINT('',(-132.597702163392,7.59073347922488,17.7275627191005));
#4447=CARTESIAN_POINT('',(-132.597702163392,7.59073347922488,14.7275627191005));
#4448=CARTESIAN_POINT('',(-132.597702163392,7.59073347922488,17.7275627191005));
#4449=CARTESIAN_POINT('Origin',(-132.597702163392,8.09073347922488,14.7275627191005));
#4450=CARTESIAN_POINT('',(-133.097702163392,8.09073347922488,17.7275627191005));
#4451=CARTESIAN_POINT('',(-133.097702163392,8.09073347922488,14.7275627191005));
#4452=CARTESIAN_POINT('Origin',(-132.597702163392,8.09073347922488,17.7275627191005));
#4453=CARTESIAN_POINT('Origin',(-133.097702163392,8.09073347922488,14.7275627191005));
#4454=CARTESIAN_POINT('',(-133.097702163392,21.0907334792249,17.7275627191005));
#4455=CARTESIAN_POINT('Origin',(-113.547702163392,21.0907334792249,14.7275627191005));
#4456=CARTESIAN_POINT('',(-113.547702163392,21.5907334792249,17.7275627191005));
#4457=CARTESIAN_POINT('',(-113.547702163392,21.5907334792249,14.7275627191005));
#4458=CARTESIAN_POINT('',(-114.047702163392,21.0907334792249,17.7275627191005));
#4459=CARTESIAN_POINT('Origin',(-113.547702163392,21.0907334792249,17.7275627191005));
#4460=CARTESIAN_POINT('',(-114.047702163392,21.0907334792249,14.7275627191005));
#4461=CARTESIAN_POINT('Origin',(-113.547702163392,21.5907334792249,14.7275627191005));
#4462=CARTESIAN_POINT('',(-100.547702163392,21.5907334792249,17.7275627191005));
#4463=CARTESIAN_POINT('',(-100.547702163392,21.5907334792249,14.7275627191005));
#4464=CARTESIAN_POINT('',(-113.547702163392,21.5907334792249,17.7275627191005));
#4465=CARTESIAN_POINT('Origin',(-100.547702163392,21.0907334792249,14.7275627191005));
#4466=CARTESIAN_POINT('',(-100.047702163392,21.0907334792249,17.7275627191005));
#4467=CARTESIAN_POINT('',(-100.047702163392,21.0907334792249,14.7275627191005));
#4468=CARTESIAN_POINT('Origin',(-100.547702163392,21.0907334792249,17.7275627191005));
#4469=CARTESIAN_POINT('Origin',(-100.047702163392,21.0907334792249,14.7275627191005));
#4470=CARTESIAN_POINT('',(-100.047702163392,8.09073347922488,17.7275627191005));
#4471=CARTESIAN_POINT('',(-100.047702163392,8.09073347922488,14.7275627191005));
#4472=CARTESIAN_POINT('',(-100.047702163392,21.0907334792249,17.7275627191005));
#4473=CARTESIAN_POINT('Origin',(-100.547702163392,8.09073347922488,14.7275627191005));
#4474=CARTESIAN_POINT('',(-100.547702163392,7.59073347922488,17.7275627191005));
#4475=CARTESIAN_POINT('',(-100.547702163392,7.59073347922488,14.7275627191005));
#4476=CARTESIAN_POINT('Origin',(-100.547702163392,8.09073347922488,17.7275627191005));
#4477=CARTESIAN_POINT('Origin',(-100.547702163392,7.59073347922488,14.7275627191005));
#4478=CARTESIAN_POINT('',(-113.547702163392,7.59073347922488,17.7275627191005));
#4479=CARTESIAN_POINT('',(-113.547702163392,7.59073347922488,14.7275627191005));
#4480=CARTESIAN_POINT('',(-113.547702163392,7.59073347922488,17.7275627191005));
#4481=CARTESIAN_POINT('Origin',(-113.547702163392,8.09073347922488,14.7275627191005));
#4482=CARTESIAN_POINT('',(-114.047702163392,8.09073347922488,17.7275627191005));
#4483=CARTESIAN_POINT('',(-114.047702163392,8.09073347922488,14.7275627191005));
#4484=CARTESIAN_POINT('Origin',(-113.547702163392,8.09073347922488,17.7275627191005));
#4485=CARTESIAN_POINT('Origin',(-114.047702163392,8.09073347922488,14.7275627191005));
#4486=CARTESIAN_POINT('',(-114.047702163392,21.0907334792249,17.7275627191005));
#4487=CARTESIAN_POINT('Origin',(-94.4977021633916,21.0907334792249,14.7275627191005));
#4488=CARTESIAN_POINT('',(-94.4977021633916,21.5907334792249,17.7275627191005));
#4489=CARTESIAN_POINT('',(-94.4977021633916,21.5907334792249,14.7275627191005));
#4490=CARTESIAN_POINT('',(-94.9977021633916,21.0907334792249,17.7275627191005));
#4491=CARTESIAN_POINT('Origin',(-94.4977021633916,21.0907334792249,17.7275627191005));
#4492=CARTESIAN_POINT('',(-94.9977021633916,21.0907334792249,14.7275627191005));
#4493=CARTESIAN_POINT('Origin',(-94.4977021633916,21.5907334792249,14.7275627191005));
#4494=CARTESIAN_POINT('',(-81.4977021633916,21.5907334792249,17.7275627191005));
#4495=CARTESIAN_POINT('',(-81.4977021633916,21.5907334792249,14.7275627191005));
#4496=CARTESIAN_POINT('',(-94.4977021633916,21.5907334792249,17.7275627191005));
#4497=CARTESIAN_POINT('Origin',(-81.4977021633916,21.0907334792249,14.7275627191005));
#4498=CARTESIAN_POINT('',(-80.9977021633916,21.0907334792249,17.7275627191005));
#4499=CARTESIAN_POINT('',(-80.9977021633916,21.0907334792249,14.7275627191005));
#4500=CARTESIAN_POINT('Origin',(-81.4977021633916,21.0907334792249,17.7275627191005));
#4501=CARTESIAN_POINT('Origin',(-80.9977021633916,21.0907334792249,14.7275627191005));
#4502=CARTESIAN_POINT('',(-80.9977021633916,8.09073347922488,17.7275627191005));
#4503=CARTESIAN_POINT('',(-80.9977021633916,8.09073347922488,14.7275627191005));
#4504=CARTESIAN_POINT('',(-80.9977021633916,21.0907334792249,17.7275627191005));
#4505=CARTESIAN_POINT('Origin',(-81.4977021633916,8.09073347922488,14.7275627191005));
#4506=CARTESIAN_POINT('',(-81.4977021633916,7.59073347922488,17.7275627191005));
#4507=CARTESIAN_POINT('',(-81.4977021633916,7.59073347922488,14.7275627191005));
#4508=CARTESIAN_POINT('Origin',(-81.4977021633916,8.09073347922488,17.7275627191005));
#4509=CARTESIAN_POINT('Origin',(-81.4977021633916,7.59073347922488,14.7275627191005));
#4510=CARTESIAN_POINT('',(-94.4977021633916,7.59073347922488,17.7275627191005));
#4511=CARTESIAN_POINT('',(-94.4977021633916,7.59073347922488,14.7275627191005));
#4512=CARTESIAN_POINT('',(-94.4977021633916,7.59073347922488,17.7275627191005));
#4513=CARTESIAN_POINT('Origin',(-94.4977021633916,8.09073347922488,14.7275627191005));
#4514=CARTESIAN_POINT('',(-94.9977021633916,8.09073347922488,17.7275627191005));
#4515=CARTESIAN_POINT('',(-94.9977021633916,8.09073347922488,14.7275627191005));
#4516=CARTESIAN_POINT('Origin',(-94.4977021633916,8.09073347922488,17.7275627191005));
#4517=CARTESIAN_POINT('Origin',(-94.9977021633916,8.09073347922488,14.7275627191005));
#4518=CARTESIAN_POINT('',(-94.9977021633916,21.0907334792249,17.7275627191005));
#4519=CARTESIAN_POINT('Origin',(-132.597702163392,2.04073347922488,14.7275627191005));
#4520=CARTESIAN_POINT('',(-132.597702163392,2.54073347922488,17.7275627191005));
#4521=CARTESIAN_POINT('',(-132.597702163392,2.54073347922488,14.7275627191005));
#4522=CARTESIAN_POINT('',(-133.097702163392,2.04073347922488,17.7275627191005));
#4523=CARTESIAN_POINT('Origin',(-132.597702163392,2.04073347922488,17.7275627191005));
#4524=CARTESIAN_POINT('',(-133.097702163392,2.04073347922488,14.7275627191005));
#4525=CARTESIAN_POINT('Origin',(-132.597702163392,2.54073347922488,14.7275627191005));
#4526=CARTESIAN_POINT('',(-119.597702163392,2.54073347922488,17.7275627191005));
#4527=CARTESIAN_POINT('',(-119.597702163392,2.54073347922488,14.7275627191005));
#4528=CARTESIAN_POINT('',(-132.597702163392,2.54073347922488,17.7275627191005));
#4529=CARTESIAN_POINT('Origin',(-119.597702163392,2.04073347922488,14.7275627191005));
#4530=CARTESIAN_POINT('',(-119.097702163392,2.04073347922488,17.7275627191005));
#4531=CARTESIAN_POINT('',(-119.097702163392,2.04073347922488,14.7275627191005));
#4532=CARTESIAN_POINT('Origin',(-119.597702163392,2.04073347922488,17.7275627191005));
#4533=CARTESIAN_POINT('Origin',(-119.097702163392,2.04073347922488,14.7275627191005));
#4534=CARTESIAN_POINT('',(-119.097702163392,-10.9592665207751,17.7275627191005));
#4535=CARTESIAN_POINT('',(-119.097702163392,-10.9592665207751,14.7275627191005));
#4536=CARTESIAN_POINT('',(-119.097702163392,2.04073347922488,17.7275627191005));
#4537=CARTESIAN_POINT('Origin',(-119.597702163392,-10.9592665207751,14.7275627191005));
#4538=CARTESIAN_POINT('',(-119.597702163392,-11.4592665207751,17.7275627191005));
#4539=CARTESIAN_POINT('',(-119.597702163392,-11.4592665207751,14.7275627191005));
#4540=CARTESIAN_POINT('Origin',(-119.597702163392,-10.9592665207751,17.7275627191005));
#4541=CARTESIAN_POINT('Origin',(-119.597702163392,-11.4592665207751,14.7275627191005));
#4542=CARTESIAN_POINT('',(-132.597702163392,-11.4592665207751,17.7275627191005));
#4543=CARTESIAN_POINT('',(-132.597702163392,-11.4592665207751,14.7275627191005));
#4544=CARTESIAN_POINT('',(-132.597702163392,-11.4592665207751,17.7275627191005));
#4545=CARTESIAN_POINT('Origin',(-132.597702163392,-10.9592665207751,14.7275627191005));
#4546=CARTESIAN_POINT('',(-133.097702163392,-10.9592665207751,17.7275627191005));
#4547=CARTESIAN_POINT('',(-133.097702163392,-10.9592665207751,14.7275627191005));
#4548=CARTESIAN_POINT('Origin',(-132.597702163392,-10.9592665207751,17.7275627191005));
#4549=CARTESIAN_POINT('Origin',(-133.097702163392,-10.9592665207751,14.7275627191005));
#4550=CARTESIAN_POINT('',(-133.097702163392,2.04073347922488,17.7275627191005));
#4551=CARTESIAN_POINT('Origin',(-113.547702163392,2.04073347922488,14.7275627191005));
#4552=CARTESIAN_POINT('',(-113.547702163392,2.54073347922488,17.7275627191005));
#4553=CARTESIAN_POINT('',(-113.547702163392,2.54073347922488,14.7275627191005));
#4554=CARTESIAN_POINT('',(-114.047702163392,2.04073347922488,17.7275627191005));
#4555=CARTESIAN_POINT('Origin',(-113.547702163392,2.04073347922488,17.7275627191005));
#4556=CARTESIAN_POINT('',(-114.047702163392,2.04073347922488,14.7275627191005));
#4557=CARTESIAN_POINT('Origin',(-113.547702163392,2.54073347922488,14.7275627191005));
#4558=CARTESIAN_POINT('',(-100.547702163392,2.54073347922488,17.7275627191005));
#4559=CARTESIAN_POINT('',(-100.547702163392,2.54073347922488,14.7275627191005));
#4560=CARTESIAN_POINT('',(-113.547702163392,2.54073347922488,17.7275627191005));
#4561=CARTESIAN_POINT('Origin',(-100.547702163392,2.04073347922488,14.7275627191005));
#4562=CARTESIAN_POINT('',(-100.047702163392,2.04073347922488,17.7275627191005));
#4563=CARTESIAN_POINT('',(-100.047702163392,2.04073347922488,14.7275627191005));
#4564=CARTESIAN_POINT('Origin',(-100.547702163392,2.04073347922488,17.7275627191005));
#4565=CARTESIAN_POINT('Origin',(-100.047702163392,2.04073347922488,14.7275627191005));
#4566=CARTESIAN_POINT('',(-100.047702163392,-10.9592665207751,17.7275627191005));
#4567=CARTESIAN_POINT('',(-100.047702163392,-10.9592665207751,14.7275627191005));
#4568=CARTESIAN_POINT('',(-100.047702163392,2.04073347922488,17.7275627191005));
#4569=CARTESIAN_POINT('Origin',(-100.547702163392,-10.9592665207751,14.7275627191005));
#4570=CARTESIAN_POINT('',(-100.547702163392,-11.4592665207751,17.7275627191005));
#4571=CARTESIAN_POINT('',(-100.547702163392,-11.4592665207751,14.7275627191005));
#4572=CARTESIAN_POINT('Origin',(-100.547702163392,-10.9592665207751,17.7275627191005));
#4573=CARTESIAN_POINT('Origin',(-100.547702163392,-11.4592665207751,14.7275627191005));
#4574=CARTESIAN_POINT('',(-113.547702163392,-11.4592665207751,17.7275627191005));
#4575=CARTESIAN_POINT('',(-113.547702163392,-11.4592665207751,14.7275627191005));
#4576=CARTESIAN_POINT('',(-113.547702163392,-11.4592665207751,17.7275627191005));
#4577=CARTESIAN_POINT('Origin',(-113.547702163392,-10.9592665207751,14.7275627191005));
#4578=CARTESIAN_POINT('',(-114.047702163392,-10.9592665207751,17.7275627191005));
#4579=CARTESIAN_POINT('',(-114.047702163392,-10.9592665207751,14.7275627191005));
#4580=CARTESIAN_POINT('Origin',(-113.547702163392,-10.9592665207751,17.7275627191005));
#4581=CARTESIAN_POINT('Origin',(-114.047702163392,-10.9592665207751,14.7275627191005));
#4582=CARTESIAN_POINT('',(-114.047702163392,2.04073347922488,17.7275627191005));
#4583=CARTESIAN_POINT('Origin',(-94.4977021633916,2.04073347922488,14.7275627191005));
#4584=CARTESIAN_POINT('',(-94.4977021633916,2.54073347922488,17.7275627191005));
#4585=CARTESIAN_POINT('',(-94.4977021633916,2.54073347922488,14.7275627191005));
#4586=CARTESIAN_POINT('',(-94.9977021633916,2.04073347922488,17.7275627191005));
#4587=CARTESIAN_POINT('Origin',(-94.4977021633916,2.04073347922488,17.7275627191005));
#4588=CARTESIAN_POINT('',(-94.9977021633916,2.04073347922488,14.7275627191005));
#4589=CARTESIAN_POINT('Origin',(-94.4977021633916,2.54073347922488,14.7275627191005));
#4590=CARTESIAN_POINT('',(-81.4977021633916,2.54073347922488,17.7275627191005));
#4591=CARTESIAN_POINT('',(-81.4977021633916,2.54073347922488,14.7275627191005));
#4592=CARTESIAN_POINT('',(-94.4977021633916,2.54073347922488,17.7275627191005));
#4593=CARTESIAN_POINT('Origin',(-81.4977021633916,2.04073347922488,14.7275627191005));
#4594=CARTESIAN_POINT('',(-80.9977021633916,2.04073347922488,17.7275627191005));
#4595=CARTESIAN_POINT('',(-80.9977021633916,2.04073347922488,14.7275627191005));
#4596=CARTESIAN_POINT('Origin',(-81.4977021633916,2.04073347922488,17.7275627191005));
#4597=CARTESIAN_POINT('Origin',(-80.9977021633916,2.04073347922488,14.7275627191005));
#4598=CARTESIAN_POINT('',(-80.9977021633916,-10.9592665207751,17.7275627191005));
#4599=CARTESIAN_POINT('',(-80.9977021633916,-10.9592665207751,14.7275627191005));
#4600=CARTESIAN_POINT('',(-80.9977021633916,2.04073347922488,17.7275627191005));
#4601=CARTESIAN_POINT('Origin',(-81.4977021633916,-10.9592665207751,14.7275627191005));
#4602=CARTESIAN_POINT('',(-81.4977021633916,-11.4592665207751,17.7275627191005));
#4603=CARTESIAN_POINT('',(-81.4977021633916,-11.4592665207751,14.7275627191005));
#4604=CARTESIAN_POINT('Origin',(-81.4977021633916,-10.9592665207751,17.7275627191005));
#4605=CARTESIAN_POINT('Origin',(-81.4977021633916,-11.4592665207751,14.7275627191005));
#4606=CARTESIAN_POINT('',(-94.4977021633916,-11.4592665207751,17.7275627191005));
#4607=CARTESIAN_POINT('',(-94.4977021633916,-11.4592665207751,14.7275627191005));
#4608=CARTESIAN_POINT('',(-94.4977021633916,-11.4592665207751,17.7275627191005));
#4609=CARTESIAN_POINT('Origin',(-94.4977021633916,-10.9592665207751,14.7275627191005));
#4610=CARTESIAN_POINT('',(-94.9977021633916,-10.9592665207751,17.7275627191005));
#4611=CARTESIAN_POINT('',(-94.9977021633916,-10.9592665207751,14.7275627191005));
#4612=CARTESIAN_POINT('Origin',(-94.4977021633916,-10.9592665207751,17.7275627191005));
#4613=CARTESIAN_POINT('Origin',(-94.9977021633916,-10.9592665207751,14.7275627191005));
#4614=CARTESIAN_POINT('',(-94.9977021633916,2.04073347922488,17.7275627191005));
#4615=CARTESIAN_POINT('Origin',(-132.597702163392,-17.0092665207751,14.7275627191005));
#4616=CARTESIAN_POINT('',(-132.597702163392,-16.5092665207751,17.7275627191005));
#4617=CARTESIAN_POINT('',(-132.597702163392,-16.5092665207751,14.7275627191005));
#4618=CARTESIAN_POINT('',(-133.097702163392,-17.0092665207751,17.7275627191005));
#4619=CARTESIAN_POINT('Origin',(-132.597702163392,-17.0092665207751,17.7275627191005));
#4620=CARTESIAN_POINT('',(-133.097702163392,-17.0092665207751,14.7275627191005));
#4621=CARTESIAN_POINT('Origin',(-132.597702163392,-16.5092665207751,14.7275627191005));
#4622=CARTESIAN_POINT('',(-119.597702163392,-16.5092665207751,17.7275627191005));
#4623=CARTESIAN_POINT('',(-119.597702163392,-16.5092665207751,14.7275627191005));
#4624=CARTESIAN_POINT('',(-132.597702163392,-16.5092665207751,17.7275627191005));
#4625=CARTESIAN_POINT('Origin',(-119.597702163392,-17.0092665207751,14.7275627191005));
#4626=CARTESIAN_POINT('',(-119.097702163392,-17.0092665207751,17.7275627191005));
#4627=CARTESIAN_POINT('',(-119.097702163392,-17.0092665207751,14.7275627191005));
#4628=CARTESIAN_POINT('Origin',(-119.597702163392,-17.0092665207751,17.7275627191005));
#4629=CARTESIAN_POINT('Origin',(-119.097702163392,-17.0092665207751,14.7275627191005));
#4630=CARTESIAN_POINT('',(-119.097702163392,-30.0092665207751,17.7275627191005));
#4631=CARTESIAN_POINT('',(-119.097702163392,-30.0092665207751,14.7275627191005));
#4632=CARTESIAN_POINT('',(-119.097702163392,-17.0092665207751,17.7275627191005));
#4633=CARTESIAN_POINT('Origin',(-119.597702163392,-30.0092665207751,14.7275627191005));
#4634=CARTESIAN_POINT('',(-119.597702163392,-30.5092665207751,17.7275627191005));
#4635=CARTESIAN_POINT('',(-119.597702163392,-30.5092665207751,14.7275627191005));
#4636=CARTESIAN_POINT('Origin',(-119.597702163392,-30.0092665207751,17.7275627191005));
#4637=CARTESIAN_POINT('Origin',(-119.597702163392,-30.5092665207751,14.7275627191005));
#4638=CARTESIAN_POINT('',(-132.597702163392,-30.5092665207751,17.7275627191005));
#4639=CARTESIAN_POINT('',(-132.597702163392,-30.5092665207751,14.7275627191005));
#4640=CARTESIAN_POINT('',(-132.597702163392,-30.5092665207751,17.7275627191005));
#4641=CARTESIAN_POINT('Origin',(-132.597702163392,-30.0092665207751,14.7275627191005));
#4642=CARTESIAN_POINT('',(-133.097702163392,-30.0092665207751,17.7275627191005));
#4643=CARTESIAN_POINT('',(-133.097702163392,-30.0092665207751,14.7275627191005));
#4644=CARTESIAN_POINT('Origin',(-132.597702163392,-30.0092665207751,17.7275627191005));
#4645=CARTESIAN_POINT('Origin',(-133.097702163392,-30.0092665207751,14.7275627191005));
#4646=CARTESIAN_POINT('',(-133.097702163392,-17.0092665207751,17.7275627191005));
#4647=CARTESIAN_POINT('Origin',(-113.547702163392,-17.0092665207751,14.7275627191005));
#4648=CARTESIAN_POINT('',(-113.547702163392,-16.5092665207751,17.7275627191005));
#4649=CARTESIAN_POINT('',(-113.547702163392,-16.5092665207751,14.7275627191005));
#4650=CARTESIAN_POINT('',(-114.047702163392,-17.0092665207751,17.7275627191005));
#4651=CARTESIAN_POINT('Origin',(-113.547702163392,-17.0092665207751,17.7275627191005));
#4652=CARTESIAN_POINT('',(-114.047702163392,-17.0092665207751,14.7275627191005));
#4653=CARTESIAN_POINT('Origin',(-113.547702163392,-16.5092665207751,14.7275627191005));
#4654=CARTESIAN_POINT('',(-100.547702163392,-16.5092665207751,17.7275627191005));
#4655=CARTESIAN_POINT('',(-100.547702163392,-16.5092665207751,14.7275627191005));
#4656=CARTESIAN_POINT('',(-113.547702163392,-16.5092665207751,17.7275627191005));
#4657=CARTESIAN_POINT('Origin',(-100.547702163392,-17.0092665207751,14.7275627191005));
#4658=CARTESIAN_POINT('',(-100.047702163392,-17.0092665207751,17.7275627191005));
#4659=CARTESIAN_POINT('',(-100.047702163392,-17.0092665207751,14.7275627191005));
#4660=CARTESIAN_POINT('Origin',(-100.547702163392,-17.0092665207751,17.7275627191005));
#4661=CARTESIAN_POINT('Origin',(-100.047702163392,-17.0092665207751,14.7275627191005));
#4662=CARTESIAN_POINT('',(-100.047702163392,-30.0092665207751,17.7275627191005));
#4663=CARTESIAN_POINT('',(-100.047702163392,-30.0092665207751,14.7275627191005));
#4664=CARTESIAN_POINT('',(-100.047702163392,-17.0092665207751,17.7275627191005));
#4665=CARTESIAN_POINT('Origin',(-100.547702163392,-30.0092665207751,14.7275627191005));
#4666=CARTESIAN_POINT('',(-100.547702163392,-30.5092665207751,17.7275627191005));
#4667=CARTESIAN_POINT('',(-100.547702163392,-30.5092665207751,14.7275627191005));
#4668=CARTESIAN_POINT('Origin',(-100.547702163392,-30.0092665207751,17.7275627191005));
#4669=CARTESIAN_POINT('Origin',(-100.547702163392,-30.5092665207751,14.7275627191005));
#4670=CARTESIAN_POINT('',(-113.547702163392,-30.5092665207751,17.7275627191005));
#4671=CARTESIAN_POINT('',(-113.547702163392,-30.5092665207751,14.7275627191005));
#4672=CARTESIAN_POINT('',(-113.547702163392,-30.5092665207751,17.7275627191005));
#4673=CARTESIAN_POINT('Origin',(-113.547702163392,-30.0092665207751,14.7275627191005));
#4674=CARTESIAN_POINT('',(-114.047702163392,-30.0092665207751,17.7275627191005));
#4675=CARTESIAN_POINT('',(-114.047702163392,-30.0092665207751,14.7275627191005));
#4676=CARTESIAN_POINT('Origin',(-113.547702163392,-30.0092665207751,17.7275627191005));
#4677=CARTESIAN_POINT('Origin',(-114.047702163392,-30.0092665207751,14.7275627191005));
#4678=CARTESIAN_POINT('',(-114.047702163392,-17.0092665207751,17.7275627191005));
#4679=CARTESIAN_POINT('Origin',(-94.4977021633916,40.1407334792249,14.7275627191005));
#4680=CARTESIAN_POINT('',(-94.4977021633916,40.6407334792249,17.7275627191005));
#4681=CARTESIAN_POINT('',(-94.4977021633916,40.6407334792249,14.7275627191005));
#4682=CARTESIAN_POINT('',(-94.9977021633916,40.1407334792249,17.7275627191005));
#4683=CARTESIAN_POINT('Origin',(-94.4977021633916,40.1407334792249,17.7275627191005));
#4684=CARTESIAN_POINT('',(-94.9977021633916,40.1407334792249,14.7275627191005));
#4685=CARTESIAN_POINT('Origin',(-94.4977021633916,40.6407334792249,14.7275627191005));
#4686=CARTESIAN_POINT('',(-81.4977021633916,40.6407334792249,17.7275627191005));
#4687=CARTESIAN_POINT('',(-81.4977021633916,40.6407334792249,14.7275627191005));
#4688=CARTESIAN_POINT('',(-94.4977021633916,40.6407334792249,17.7275627191005));
#4689=CARTESIAN_POINT('Origin',(-81.4977021633916,40.1407334792249,14.7275627191005));
#4690=CARTESIAN_POINT('',(-80.9977021633916,40.1407334792249,17.7275627191005));
#4691=CARTESIAN_POINT('',(-80.9977021633916,40.1407334792249,14.7275627191005));
#4692=CARTESIAN_POINT('Origin',(-81.4977021633916,40.1407334792249,17.7275627191005));
#4693=CARTESIAN_POINT('Origin',(-80.9977021633916,40.1407334792249,14.7275627191005));
#4694=CARTESIAN_POINT('',(-80.9977021633916,27.1407334792249,17.7275627191005));
#4695=CARTESIAN_POINT('',(-80.9977021633916,27.1407334792249,14.7275627191005));
#4696=CARTESIAN_POINT('',(-80.9977021633916,40.1407334792249,17.7275627191005));
#4697=CARTESIAN_POINT('Origin',(-81.4977021633916,27.1407334792249,14.7275627191005));
#4698=CARTESIAN_POINT('',(-81.4977021633916,26.6407334792249,17.7275627191005));
#4699=CARTESIAN_POINT('',(-81.4977021633916,26.6407334792249,14.7275627191005));
#4700=CARTESIAN_POINT('Origin',(-81.4977021633916,27.1407334792249,17.7275627191005));
#4701=CARTESIAN_POINT('Origin',(-81.4977021633916,26.6407334792249,14.7275627191005));
#4702=CARTESIAN_POINT('',(-94.4977021633916,26.6407334792249,17.7275627191005));
#4703=CARTESIAN_POINT('',(-94.4977021633916,26.6407334792249,14.7275627191005));
#4704=CARTESIAN_POINT('',(-94.4977021633916,26.6407334792249,17.7275627191005));
#4705=CARTESIAN_POINT('Origin',(-94.4977021633916,27.1407334792249,14.7275627191005));
#4706=CARTESIAN_POINT('',(-94.9977021633916,27.1407334792249,17.7275627191005));
#4707=CARTESIAN_POINT('',(-94.9977021633916,27.1407334792249,14.7275627191005));
#4708=CARTESIAN_POINT('Origin',(-94.4977021633916,27.1407334792249,17.7275627191005));
#4709=CARTESIAN_POINT('Origin',(-94.9977021633916,27.1407334792249,14.7275627191005));
#4710=CARTESIAN_POINT('',(-94.9977021633916,40.1407334792249,17.7275627191005));
#4711=CARTESIAN_POINT('Origin',(-98.031807557232,23.5653383551039,17.7275627191005));
#4712=CARTESIAN_POINT('',(-134.659076314879,23.5653383551039,17.7275627191005));
#4713=CARTESIAN_POINT('',(-134.659076314879,23.5653383551039,17.7275627191005));
#4714=CARTESIAN_POINT('',(-98.031807557232,23.5653383551039,17.7275627191005));
#4715=CARTESIAN_POINT('',(-102.539754860312,23.5653383551039,17.7275627191005));
#4716=CARTESIAN_POINT('',(-98.031807557232,23.5653383551039,17.7275627191005));
#4717=CARTESIAN_POINT('Origin',(-134.659076314879,23.5653383551039,17.7275627191005));
#4718=CARTESIAN_POINT('',(-134.659076314879,36.2232915287025,17.7275627191005));
#4719=CARTESIAN_POINT('',(-134.659076314879,36.2232915287025,17.7275627191005));
#4720=CARTESIAN_POINT('',(-134.659076314879,14.3155359171644,17.7275627191005));
#4721=CARTESIAN_POINT('Origin',(-134.659076314879,36.2232915287025,17.7275627191005));
#4722=CARTESIAN_POINT('',(-98.031807557232,36.2232915287025,17.7275627191005));
#4723=CARTESIAN_POINT('',(-98.031807557232,36.2232915287025,17.7275627191005));
#4724=CARTESIAN_POINT('',(-120.853389239135,36.2232915287025,17.7275627191005));
#4725=CARTESIAN_POINT('Origin',(-98.031807557232,36.2232915287025,17.7275627191005));
#4726=CARTESIAN_POINT('',(-98.031807557232,20.6445125039637,17.7275627191005));
#4727=CARTESIAN_POINT('Origin',(-107.047702163392,5.06573347922488,17.7275627191005));
#4728=CARTESIAN_POINT('',(-88.2519889637804,-33.0338441682319,17.7275627191005));
#4729=CARTESIAN_POINT('',(-135.622702163392,64.2017334792249,17.7275627191005));
#4730=CARTESIAN_POINT('',(-105.701147867814,52.757116303623,17.7275627191005));
#4731=CARTESIAN_POINT('',(-106.443253505318,58.0112309723635,17.7275627191005));
#4732=CARTESIAN_POINT('',(-102.412161919698,29.4710658521056,17.7275627191005));
#4733=CARTESIAN_POINT('',(-106.90798730407,61.4090909979068,17.7275627191005));
#4734=CARTESIAN_POINT('',(-102.894547821103,32.065183537894,17.7275627191005));
#4735=CARTESIAN_POINT('',(-102.616683125404,60.22050241128,17.7275627191005));
#4736=CARTESIAN_POINT('Ctrl Pts',(-106.90798730407,61.4090909979068,17.7275627191005));
#4737=CARTESIAN_POINT('Ctrl Pts',(-105.388346102822,61.3699127021806,17.7275627191005));
#4738=CARTESIAN_POINT('Ctrl Pts',(-103.916177954205,60.9367093381591,17.7275627191005));
#4739=CARTESIAN_POINT('Ctrl Pts',(-102.616683125404,60.22050241128,17.7275627191005));
#4740=CARTESIAN_POINT('',(-98.9645524084921,56.646491505484,17.7275627191005));
#4741=CARTESIAN_POINT('Ctrl Pts',(-102.616683125404,60.22050241128,17.7275627191005));
#4742=CARTESIAN_POINT('Ctrl Pts',(-101.132931576959,59.3968169212313,17.7275627191005));
#4743=CARTESIAN_POINT('Ctrl Pts',(-99.8641356408949,58.2046153696427,17.7275627191005));
#4744=CARTESIAN_POINT('Ctrl Pts',(-98.9645524084921,56.646491505484,17.7275627191005));
#4745=CARTESIAN_POINT('',(-97.6954332767997,51.6966476367569,17.7275627191005));
#4746=CARTESIAN_POINT('Ctrl Pts',(-98.9645524084921,56.646491505484,17.7275627191005));
#4747=CARTESIAN_POINT('Ctrl Pts',(-98.0649691760893,55.0883676413253,17.7275627191005));
#4748=CARTESIAN_POINT('Ctrl Pts',(-97.653660844556,53.3705432394223,17.7275627191005));
#4749=CARTESIAN_POINT('Ctrl Pts',(-97.6954332767997,51.6966476367569,17.7275627191005));
#4750=CARTESIAN_POINT('',(-98.8020525593387,47.4221180550276,17.7275627191005));
#4751=CARTESIAN_POINT('Ctrl Pts',(-97.6954332767997,51.6966476367569,17.7275627191005));
#4752=CARTESIAN_POINT('Ctrl Pts',(-97.7116985856774,50.1902358373562,17.7275627191005));
#4753=CARTESIAN_POINT('Ctrl Pts',(-98.0990754713492,48.744525618351,17.7275627191005));
#4754=CARTESIAN_POINT('Ctrl Pts',(-98.8020525593387,47.4221180550276,17.7275627191005));
#4755=CARTESIAN_POINT('',(-101.499089543455,49.5006056672986,17.7275627191005));
#4756=CARTESIAN_POINT('',(-91.1490040182636,41.5242506240608,17.7275627191005));
#4757=CARTESIAN_POINT('',(-92.4750889009201,42.507186774405,17.7275627191005));
#4758=CARTESIAN_POINT('',(-116.741139067279,52.035192985515,17.7275627191005));
#4759=CARTESIAN_POINT('',(-111.975944379539,60.1328834765308,17.7275627191005));
#4760=CARTESIAN_POINT('Ctrl Pts',(-116.741139067279,52.035192985515,17.7275627191005));
#4761=CARTESIAN_POINT('Ctrl Pts',(-116.686645647163,55.2745572094731,17.7275627191005));
#4762=CARTESIAN_POINT('Ctrl Pts',(-114.977624600856,58.3998625927322,17.7275627191005));
#4763=CARTESIAN_POINT('Ctrl Pts',(-111.975944379539,60.1328834765308,17.7275627191005));
#4764=CARTESIAN_POINT('',(-107.488866472537,61.4097857566386,17.7275627191005));
#4765=CARTESIAN_POINT('Ctrl Pts',(-111.975944379539,60.1328834765308,17.7275627191005));
#4766=CARTESIAN_POINT('Ctrl Pts',(-110.555301698597,60.9530919107947,17.7275627191005));
#4767=CARTESIAN_POINT('Ctrl Pts',(-109.027876222523,61.3766796444038,17.7275627191005));
#4768=CARTESIAN_POINT('Ctrl Pts',(-107.488866472537,61.4097857566386,17.7275627191005));
#4769=CARTESIAN_POINT('',(-108.115945313519,57.0455019066274,17.7275627191005));
#4770=CARTESIAN_POINT('',(-111.450402341359,33.8386640991919,17.7275627191005));
#4771=CARTESIAN_POINT('',(-108.700741492504,52.7667319340353,17.7275627191005));
#4772=CARTESIAN_POINT('',(-111.593153490632,31.6038617739936,17.7275627191005));
#4773=CARTESIAN_POINT('',(-115.607856982058,47.3735406327435,17.7275627191005));
#4774=CARTESIAN_POINT('',(-119.756607870603,44.1341265477805,17.7275627191005));
#4775=CARTESIAN_POINT('Ctrl Pts',(-115.607856982058,47.3735406327435,17.7275627191005));
#4776=CARTESIAN_POINT('Ctrl Pts',(-116.395467247215,48.8435548609606,17.7275627191005));
#4777=CARTESIAN_POINT('Ctrl Pts',(-116.776772604958,50.456495214701,17.7275627191005));
#4778=CARTESIAN_POINT('Ctrl Pts',(-116.741139067279,52.035192985515,17.7275627191005));
#4779=CARTESIAN_POINT('',(-107.241988468735,50.1871817219491,17.7275627191005));
#4780=CARTESIAN_POINT('',(-103.207924682047,48.5445608083211,17.7275627191005));
#4781=CARTESIAN_POINT('',(-99.278721150998,46.9446376947352,17.7275627191005));
#4782=CARTESIAN_POINT('',(-99.1015752348246,46.8825711950443,17.7275627191005));
#4783=CARTESIAN_POINT('',(-97.2973067524847,46.1523178360078,17.7275627191005));
#4784=CARTESIAN_POINT('',(-102.450944379539,43.6350995344372,17.7275627191005));
#4785=CARTESIAN_POINT('Ctrl Pts',(-99.1015752348246,46.8825711950443,17.7275627191005));
#4786=CARTESIAN_POINT('Ctrl Pts',(-99.9129803765737,45.5892169335205,17.7275627191005));
#4787=CARTESIAN_POINT('Ctrl Pts',(-101.030301698597,44.4553079687011,17.7275627191005));
#4788=CARTESIAN_POINT('Ctrl Pts',(-102.450944379539,43.6350995344372,17.7275627191005));
#4789=CARTESIAN_POINT('',(-111.846347400612,43.5571651263836,17.7275627191005));
#4790=CARTESIAN_POINT('Ctrl Pts',(-102.450944379539,43.6350995344372,17.7275627191005));
#4791=CARTESIAN_POINT('Ctrl Pts',(-105.452624600856,41.9020786506386,17.7275627191005));
#4792=CARTESIAN_POINT('Ctrl Pts',(-108.990815304279,41.9979049176963,17.7275627191005));
#4793=CARTESIAN_POINT('Ctrl Pts',(-111.846347400612,43.5571651263836,17.7275627191005));
#4794=CARTESIAN_POINT('',(-115.330044683919,46.8923556173994,17.7275627191005));
#4795=CARTESIAN_POINT('Ctrl Pts',(-111.846347400612,43.5571651263836,17.7275627191005));
#4796=CARTESIAN_POINT('Ctrl Pts',(-113.231356291548,44.3156540258917,17.7275627191005));
#4797=CARTESIAN_POINT('Ctrl Pts',(-114.424321716673,45.42943065295,17.7275627191005));
#4798=CARTESIAN_POINT('Ctrl Pts',(-115.330044683919,46.8923556173994,17.7275627191005));
#4799=CARTESIAN_POINT('',(-119.085155329572,45.3626386802766,17.7275627191005));
#4800=CARTESIAN_POINT('Origin',(-69.4562757641691,-33.0338441682319,2.9900430340615));
#4801=CARTESIAN_POINT('',(-78.4722757641691,-33.0338441682319,12.6850430340615));
#4802=CARTESIAN_POINT('',(-86.9562757641691,-33.0338441682319,12.6850430340615));
#4803=CARTESIAN_POINT('',(-78.4722757641691,-33.0338441682319,2.9900430340615));
#4804=CARTESIAN_POINT('Origin',(-78.4722757641691,64.202155831768,2.9900430340615));
#4805=CARTESIAN_POINT('',(-78.4722757641691,64.202155831768,12.6850430340615));
#4806=CARTESIAN_POINT('',(-78.4722757641691,39.104655831768,12.6850430340615));
#4807=CARTESIAN_POINT('',(-78.4722757641691,64.202155831768,2.9900430340615));
#4808=CARTESIAN_POINT('Origin',(-69.4562757641691,64.202155831768,12.6850430340615));
#4809=CARTESIAN_POINT('',(-59.4562757641691,-43.1878441682319,12.6850430340615));
#4810=CARTESIAN_POINT('',(-59.4562757641691,-16.0903441682319,12.6850430340615));
#4811=CARTESIAN_POINT('',(-62.4562757641691,-46.1878441682319,12.6850430340615));
#4812=CARTESIAN_POINT('Origin',(-62.4562757641691,-43.1878441682319,12.6850430340615));
#4813=CARTESIAN_POINT('',(-146.456275764169,-46.1878441682319,12.6850430340615));
#4814=CARTESIAN_POINT('',(-126.956275764169,-46.1878441682319,12.6850430340615));
#4815=CARTESIAN_POINT('Origin',(-146.456275764169,-43.187844168232,12.6850430340615));
#4816=CARTESIAN_POINT('',(-145.906275764169,69.007155831768,12.6850430340615));
#4817=CARTESIAN_POINT('Origin',(-144.456275764169,69.007155831768,12.6850430340615));
#4818=CARTESIAN_POINT('',(-65.9062751681227,-40.9928449877958,12.6850430340615));
#4819=CARTESIAN_POINT('Origin',(-64.4562751681227,-40.9928449877958,12.6850430340615));
#4820=CARTESIAN_POINT('',(-65.9062751681227,69.0071566513319,12.6850430340615));
#4821=CARTESIAN_POINT('Origin',(-64.4562751681227,69.0071566513319,12.6850430340615));
#4822=CARTESIAN_POINT('',(-145.906276360216,-40.9928449877958,12.6850430340615));
#4823=CARTESIAN_POINT('Origin',(-144.456276360216,-40.9928449877958,12.6850430340615));
#4824=CARTESIAN_POINT('',(-121.956275764169,64.2021558317681,12.6850430340615));
#4825=CARTESIAN_POINT('Origin',(-78.4727021633916,64.2017334792249,14.7275627191005));
#4826=CARTESIAN_POINT('Origin',(-102.280824074313,54.4156045264672,17.2275627191005));
#4827=CARTESIAN_POINT('',(-106.443253505318,58.0112309723635,17.2275627191005));
#4828=CARTESIAN_POINT('',(-106.90798730407,61.4090909979068,17.2275627191005));
#4829=CARTESIAN_POINT('',(-106.443253505318,58.0112309723635,17.2275627191005));
#4830=CARTESIAN_POINT('',(-105.701147867814,52.757116303623,17.2275627191005));
#4831=CARTESIAN_POINT('',(-105.701147867814,52.757116303623,17.2275627191005));
#4832=CARTESIAN_POINT('',(-101.499089543455,49.5006056672986,17.2275627191005));
#4833=CARTESIAN_POINT('',(-101.499089543455,49.5006056672986,17.2275627191005));
#4834=CARTESIAN_POINT('',(-98.8020525593387,47.4221180550276,17.2275627191005));
#4835=CARTESIAN_POINT('',(-98.8020525593387,47.4221180550276,17.2275627191005));
#4836=CARTESIAN_POINT('',(-97.6954332767997,51.6966476367569,17.2275627191005));
#4837=CARTESIAN_POINT('Ctrl Pts',(-97.6954332767997,51.6966476367569,17.2275627191005));
#4838=CARTESIAN_POINT('Ctrl Pts',(-97.7116985856774,50.1902358373562,17.2275627191005));
#4839=CARTESIAN_POINT('Ctrl Pts',(-98.0990754713492,48.744525618351,17.2275627191005));
#4840=CARTESIAN_POINT('Ctrl Pts',(-98.8020525593387,47.4221180550276,17.2275627191005));
#4841=CARTESIAN_POINT('',(-98.9645524084921,56.646491505484,17.2275627191005));
#4842=CARTESIAN_POINT('Ctrl Pts',(-98.9645524084921,56.646491505484,17.2275627191005));
#4843=CARTESIAN_POINT('Ctrl Pts',(-98.0649691760893,55.0883676413253,17.2275627191005));
#4844=CARTESIAN_POINT('Ctrl Pts',(-97.653660844556,53.3705432394223,17.2275627191005));
#4845=CARTESIAN_POINT('Ctrl Pts',(-97.6954332767997,51.6966476367569,17.2275627191005));
#4846=CARTESIAN_POINT('',(-102.616683125404,60.22050241128,17.2275627191005));
#4847=CARTESIAN_POINT('Ctrl Pts',(-102.616683125404,60.22050241128,17.2275627191005));
#4848=CARTESIAN_POINT('Ctrl Pts',(-101.132931576959,59.3968169212313,17.2275627191005));
#4849=CARTESIAN_POINT('Ctrl Pts',(-99.8641356408949,58.2046153696427,17.2275627191005));
#4850=CARTESIAN_POINT('Ctrl Pts',(-98.9645524084921,56.646491505484,17.2275627191005));
#4851=CARTESIAN_POINT('Ctrl Pts',(-106.90798730407,61.4090909979068,17.2275627191005));
#4852=CARTESIAN_POINT('Ctrl Pts',(-105.388346102822,61.3699127021806,17.2275627191005));
#4853=CARTESIAN_POINT('Ctrl Pts',(-103.916177954205,60.9367093381591,17.2275627191005));
#4854=CARTESIAN_POINT('Ctrl Pts',(-102.616683125404,60.22050241128,17.2275627191005));
#4855=CARTESIAN_POINT('Origin',(-106.443253505318,58.0112309723635,17.7275627191005));
#4856=CARTESIAN_POINT('',(-106.443253505318,58.0112309723635,17.7275627191005));
#4857=CARTESIAN_POINT('',(-106.90798730407,61.4090909979068,17.7275627191005));
#4858=CARTESIAN_POINT('Ctrl Pts',(-106.90798730407,61.4090909979068,17.7275627191005));
#4859=CARTESIAN_POINT('Ctrl Pts',(-106.90798730407,61.4090909979068,17.2275627191005));
#4860=CARTESIAN_POINT('Ctrl Pts',(-105.388346102822,61.3699127021806,17.7275627191005));
#4861=CARTESIAN_POINT('Ctrl Pts',(-105.388346102822,61.3699127021806,17.2275627191005));
#4862=CARTESIAN_POINT('Ctrl Pts',(-103.916177954205,60.9367093381591,17.7275627191005));
#4863=CARTESIAN_POINT('Ctrl Pts',(-103.916177954205,60.9367093381591,17.2275627191005));
#4864=CARTESIAN_POINT('Ctrl Pts',(-102.616683125404,60.22050241128,17.7275627191005));
#4865=CARTESIAN_POINT('Ctrl Pts',(-102.616683125404,60.22050241128,17.2275627191005));
#4866=CARTESIAN_POINT('',(-102.616683125404,60.22050241128,17.7275627191005));
#4867=CARTESIAN_POINT('Ctrl Pts',(-102.616683125404,60.22050241128,17.7275627191005));
#4868=CARTESIAN_POINT('Ctrl Pts',(-102.616683125404,60.22050241128,17.2275627191005));
#4869=CARTESIAN_POINT('Ctrl Pts',(-101.132931576959,59.3968169212313,17.7275627191005));
#4870=CARTESIAN_POINT('Ctrl Pts',(-101.132931576959,59.3968169212313,17.2275627191005));
#4871=CARTESIAN_POINT('Ctrl Pts',(-99.8641356408949,58.2046153696427,17.7275627191005));
#4872=CARTESIAN_POINT('Ctrl Pts',(-99.8641356408949,58.2046153696427,17.2275627191005));
#4873=CARTESIAN_POINT('Ctrl Pts',(-98.9645524084921,56.646491505484,17.7275627191005));
#4874=CARTESIAN_POINT('Ctrl Pts',(-98.9645524084921,56.646491505484,17.2275627191005));
#4875=CARTESIAN_POINT('',(-98.9645524084921,56.646491505484,17.7275627191005));
#4876=CARTESIAN_POINT('Ctrl Pts',(-98.9645524084921,56.646491505484,17.7275627191005));
#4877=CARTESIAN_POINT('Ctrl Pts',(-98.9645524084921,56.646491505484,17.2275627191005));
#4878=CARTESIAN_POINT('Ctrl Pts',(-98.0649691760893,55.0883676413253,17.7275627191005));
#4879=CARTESIAN_POINT('Ctrl Pts',(-98.0649691760893,55.0883676413253,17.2275627191005));
#4880=CARTESIAN_POINT('Ctrl Pts',(-97.653660844556,53.3705432394223,17.7275627191005));
#4881=CARTESIAN_POINT('Ctrl Pts',(-97.653660844556,53.3705432394223,17.2275627191005));
#4882=CARTESIAN_POINT('Ctrl Pts',(-97.6954332767997,51.6966476367569,17.7275627191005));
#4883=CARTESIAN_POINT('Ctrl Pts',(-97.6954332767997,51.6966476367569,17.2275627191005));
#4884=CARTESIAN_POINT('',(-97.6954332767997,51.6966476367569,17.7275627191005));
#4885=CARTESIAN_POINT('Ctrl Pts',(-97.6954332767997,51.6966476367569,17.7275627191005));
#4886=CARTESIAN_POINT('Ctrl Pts',(-97.6954332767997,51.6966476367569,17.2275627191005));
#4887=CARTESIAN_POINT('Ctrl Pts',(-97.7116985856774,50.1902358373562,17.7275627191005));
#4888=CARTESIAN_POINT('Ctrl Pts',(-97.7116985856774,50.1902358373562,17.2275627191005));
#4889=CARTESIAN_POINT('Ctrl Pts',(-98.0990754713492,48.744525618351,17.7275627191005));
#4890=CARTESIAN_POINT('Ctrl Pts',(-98.0990754713492,48.744525618351,17.2275627191005));
#4891=CARTESIAN_POINT('Ctrl Pts',(-98.8020525593387,47.4221180550276,17.7275627191005));
#4892=CARTESIAN_POINT('Ctrl Pts',(-98.8020525593387,47.4221180550276,17.2275627191005));
#4893=CARTESIAN_POINT('',(-98.8020525593387,47.4221180550276,17.7275627191005));
#4894=CARTESIAN_POINT('Origin',(-98.8020525593387,47.4221180550276,17.7275627191005));
#4895=CARTESIAN_POINT('',(-101.499089543455,49.5006056672986,17.7275627191005));
#4896=CARTESIAN_POINT('Origin',(-101.499089543455,49.5006056672986,17.7275627191005));
#4897=CARTESIAN_POINT('',(-105.701147867814,52.757116303623,17.7275627191005));
#4898=CARTESIAN_POINT('Origin',(-105.701147867814,52.757116303623,17.7275627191005));
#4899=CARTESIAN_POINT('Origin',(-112.132819538747,54.391663194691,17.2275627191005));
#4900=CARTESIAN_POINT('',(-111.975944379539,60.1328834765308,17.2275627191005));
#4901=CARTESIAN_POINT('',(-107.488866472537,61.4097857566386,17.2275627191005));
#4902=CARTESIAN_POINT('Ctrl Pts',(-111.975944379539,60.1328834765308,17.2275627191005));
#4903=CARTESIAN_POINT('Ctrl Pts',(-110.555301698597,60.9530919107947,17.2275627191005));
#4904=CARTESIAN_POINT('Ctrl Pts',(-109.027876222523,61.3766796444038,17.2275627191005));
#4905=CARTESIAN_POINT('Ctrl Pts',(-107.488866472537,61.4097857566386,17.2275627191005));
#4906=CARTESIAN_POINT('',(-116.741139067279,52.035192985515,17.2275627191005));
#4907=CARTESIAN_POINT('Ctrl Pts',(-116.741139067279,52.035192985515,17.2275627191005));
#4908=CARTESIAN_POINT('Ctrl Pts',(-116.686645647163,55.2745572094731,17.2275627191005));
#4909=CARTESIAN_POINT('Ctrl Pts',(-114.977624600856,58.3998625927322,17.2275627191005));
#4910=CARTESIAN_POINT('Ctrl Pts',(-111.975944379539,60.1328834765308,17.2275627191005));
#4911=CARTESIAN_POINT('',(-115.607856982058,47.3735406327435,17.2275627191005));
#4912=CARTESIAN_POINT('Ctrl Pts',(-115.607856982058,47.3735406327435,17.2275627191005));
#4913=CARTESIAN_POINT('Ctrl Pts',(-116.395467247215,48.8435548609606,17.2275627191005));
#4914=CARTESIAN_POINT('Ctrl Pts',(-116.776772604958,50.456495214701,17.2275627191005));
#4915=CARTESIAN_POINT('Ctrl Pts',(-116.741139067279,52.035192985515,17.2275627191005));
#4916=CARTESIAN_POINT('',(-108.700741492504,52.7667319340353,17.2275627191005));
#4917=CARTESIAN_POINT('',(-108.700741492504,52.7667319340353,17.2275627191005));
#4918=CARTESIAN_POINT('',(-108.115945313519,57.0455019066274,17.2275627191005));
#4919=CARTESIAN_POINT('',(-108.115945313519,57.0455019066274,17.2275627191005));
#4920=CARTESIAN_POINT('',(-107.488866472537,61.4097857566386,17.2275627191005));
#4921=CARTESIAN_POINT('Ctrl Pts',(-111.975944379539,60.1328834765308,17.7275627191005));
#4922=CARTESIAN_POINT('Ctrl Pts',(-111.975944379539,60.1328834765308,17.2275627191005));
#4923=CARTESIAN_POINT('Ctrl Pts',(-110.555301698597,60.9530919107947,17.7275627191005));
#4924=CARTESIAN_POINT('Ctrl Pts',(-110.555301698597,60.9530919107947,17.2275627191005));
#4925=CARTESIAN_POINT('Ctrl Pts',(-109.027876222523,61.3766796444038,17.7275627191005));
#4926=CARTESIAN_POINT('Ctrl Pts',(-109.027876222523,61.3766796444038,17.2275627191005));
#4927=CARTESIAN_POINT('Ctrl Pts',(-107.488866472537,61.4097857566386,17.7275627191005));
#4928=CARTESIAN_POINT('Ctrl Pts',(-107.488866472537,61.4097857566386,17.2275627191005));
#4929=CARTESIAN_POINT('',(-111.975944379539,60.1328834765308,17.7275627191005));
#4930=CARTESIAN_POINT('',(-107.488866472537,61.4097857566386,17.7275627191005));
#4931=CARTESIAN_POINT('Origin',(-107.488866472537,61.4097857566386,17.7275627191005));
#4932=CARTESIAN_POINT('',(-108.115945313519,57.0455019066274,17.7275627191005));
#4933=CARTESIAN_POINT('Origin',(-108.115945313519,57.0455019066274,17.7275627191005));
#4934=CARTESIAN_POINT('',(-108.700741492504,52.7667319340353,17.7275627191005));
#4935=CARTESIAN_POINT('Origin',(-108.700741492504,52.7667319340353,17.7275627191005));
#4936=CARTESIAN_POINT('',(-115.607856982058,47.3735406327435,17.7275627191005));
#4937=CARTESIAN_POINT('Ctrl Pts',(-115.607856982058,47.3735406327435,17.7275627191005));
#4938=CARTESIAN_POINT('Ctrl Pts',(-115.607856982058,47.3735406327435,17.2275627191005));
#4939=CARTESIAN_POINT('Ctrl Pts',(-116.395467247215,48.8435548609606,17.7275627191005));
#4940=CARTESIAN_POINT('Ctrl Pts',(-116.395467247215,48.8435548609606,17.2275627191005));
#4941=CARTESIAN_POINT('Ctrl Pts',(-116.776772604958,50.456495214701,17.7275627191005));
#4942=CARTESIAN_POINT('Ctrl Pts',(-116.776772604958,50.456495214701,17.2275627191005));
#4943=CARTESIAN_POINT('Ctrl Pts',(-116.741139067279,52.035192985515,17.7275627191005));
#4944=CARTESIAN_POINT('Ctrl Pts',(-116.741139067279,52.035192985515,17.2275627191005));
#4945=CARTESIAN_POINT('',(-116.741139067279,52.035192985515,17.7275627191005));
#4946=CARTESIAN_POINT('Ctrl Pts',(-116.741139067279,52.035192985515,17.7275627191005));
#4947=CARTESIAN_POINT('Ctrl Pts',(-116.741139067279,52.035192985515,17.2275627191005));
#4948=CARTESIAN_POINT('Ctrl Pts',(-116.686645647163,55.2745572094731,17.7275627191005));
#4949=CARTESIAN_POINT('Ctrl Pts',(-116.686645647163,55.2745572094731,17.2275627191005));
#4950=CARTESIAN_POINT('Ctrl Pts',(-114.977624600856,58.3998625927322,17.7275627191005));
#4951=CARTESIAN_POINT('Ctrl Pts',(-114.977624600856,58.3998625927322,17.2275627191005));
#4952=CARTESIAN_POINT('Ctrl Pts',(-111.975944379539,60.1328834765308,17.7275627191005));
#4953=CARTESIAN_POINT('Ctrl Pts',(-111.975944379539,60.1328834765308,17.2275627191005));
#4954=CARTESIAN_POINT('Origin',(-107.215809959372,46.0446301862939,17.2275627191005));
#4955=CARTESIAN_POINT('',(-103.207924682047,48.5445608083211,17.2275627191005));
#4956=CARTESIAN_POINT('',(-99.1015752348246,46.8825711950443,17.2275627191005));
#4957=CARTESIAN_POINT('',(-103.207924682047,48.5445608083211,17.2275627191005));
#4958=CARTESIAN_POINT('',(-107.241988468735,50.1871817219491,17.2275627191005));
#4959=CARTESIAN_POINT('',(-107.241988468735,50.1871817219491,17.2275627191005));
#4960=CARTESIAN_POINT('',(-115.330044683919,46.8923556173994,17.2275627191005));
#4961=CARTESIAN_POINT('',(-115.330044683919,46.8923556173994,17.2275627191005));
#4962=CARTESIAN_POINT('',(-111.846347400612,43.5571651263836,17.2275627191005));
#4963=CARTESIAN_POINT('Ctrl Pts',(-111.846347400612,43.5571651263836,17.2275627191005));
#4964=CARTESIAN_POINT('Ctrl Pts',(-113.231356291548,44.3156540258917,17.2275627191005));
#4965=CARTESIAN_POINT('Ctrl Pts',(-114.424321716673,45.42943065295,17.2275627191005));
#4966=CARTESIAN_POINT('Ctrl Pts',(-115.330044683919,46.8923556173994,17.2275627191005));
#4967=CARTESIAN_POINT('',(-102.450944379539,43.6350995344372,17.2275627191005));
#4968=CARTESIAN_POINT('Ctrl Pts',(-102.450944379539,43.6350995344372,17.2275627191005));
#4969=CARTESIAN_POINT('Ctrl Pts',(-105.452624600856,41.9020786506386,17.2275627191005));
#4970=CARTESIAN_POINT('Ctrl Pts',(-108.990815304279,41.9979049176963,17.2275627191005));
#4971=CARTESIAN_POINT('Ctrl Pts',(-111.846347400612,43.5571651263836,17.2275627191005));
#4972=CARTESIAN_POINT('Ctrl Pts',(-99.1015752348246,46.8825711950443,17.2275627191005));
#4973=CARTESIAN_POINT('Ctrl Pts',(-99.9129803765737,45.5892169335205,17.2275627191005));
#4974=CARTESIAN_POINT('Ctrl Pts',(-101.030301698597,44.4553079687011,17.2275627191005));
#4975=CARTESIAN_POINT('Ctrl Pts',(-102.450944379539,43.6350995344372,17.2275627191005));
#4976=CARTESIAN_POINT('Origin',(-103.207924682047,48.5445608083211,17.7275627191005));
#4977=CARTESIAN_POINT('',(-103.207924682047,48.5445608083211,17.7275627191005));
#4978=CARTESIAN_POINT('',(-99.1015752348246,46.8825711950443,17.7275627191005));
#4979=CARTESIAN_POINT('Ctrl Pts',(-99.1015752348246,46.8825711950443,17.7275627191005));
#4980=CARTESIAN_POINT('Ctrl Pts',(-99.1015752348246,46.8825711950443,17.2275627191005));
#4981=CARTESIAN_POINT('Ctrl Pts',(-99.9129803765737,45.5892169335205,17.7275627191005));
#4982=CARTESIAN_POINT('Ctrl Pts',(-99.9129803765737,45.5892169335205,17.2275627191005));
#4983=CARTESIAN_POINT('Ctrl Pts',(-101.030301698597,44.4553079687011,17.7275627191005));
#4984=CARTESIAN_POINT('Ctrl Pts',(-101.030301698597,44.4553079687011,17.2275627191005));
#4985=CARTESIAN_POINT('Ctrl Pts',(-102.450944379539,43.6350995344372,17.7275627191005));
#4986=CARTESIAN_POINT('Ctrl Pts',(-102.450944379539,43.6350995344372,17.2275627191005));
#4987=CARTESIAN_POINT('',(-102.450944379539,43.6350995344372,17.7275627191005));
#4988=CARTESIAN_POINT('Ctrl Pts',(-102.450944379539,43.6350995344372,17.7275627191005));
#4989=CARTESIAN_POINT('Ctrl Pts',(-102.450944379539,43.6350995344372,17.2275627191005));
#4990=CARTESIAN_POINT('Ctrl Pts',(-105.452624600856,41.9020786506386,17.7275627191005));
#4991=CARTESIAN_POINT('Ctrl Pts',(-105.452624600856,41.9020786506386,17.2275627191005));
#4992=CARTESIAN_POINT('Ctrl Pts',(-108.990815304279,41.9979049176963,17.7275627191005));
#4993=CARTESIAN_POINT('Ctrl Pts',(-108.990815304279,41.9979049176963,17.2275627191005));
#4994=CARTESIAN_POINT('Ctrl Pts',(-111.846347400612,43.5571651263836,17.7275627191005));
#4995=CARTESIAN_POINT('Ctrl Pts',(-111.846347400612,43.5571651263836,17.2275627191005));
#4996=CARTESIAN_POINT('',(-111.846347400612,43.5571651263836,17.7275627191005));
#4997=CARTESIAN_POINT('Ctrl Pts',(-111.846347400612,43.5571651263836,17.7275627191005));
#4998=CARTESIAN_POINT('Ctrl Pts',(-111.846347400612,43.5571651263836,17.2275627191005));
#4999=CARTESIAN_POINT('Ctrl Pts',(-113.231356291548,44.3156540258917,17.7275627191005));
#5000=CARTESIAN_POINT('Ctrl Pts',(-113.231356291548,44.3156540258917,17.2275627191005));
#5001=CARTESIAN_POINT('Ctrl Pts',(-114.424321716673,45.42943065295,17.7275627191005));
#5002=CARTESIAN_POINT('Ctrl Pts',(-114.424321716673,45.42943065295,17.2275627191005));
#5003=CARTESIAN_POINT('Ctrl Pts',(-115.330044683919,46.8923556173994,17.7275627191005));
#5004=CARTESIAN_POINT('Ctrl Pts',(-115.330044683919,46.8923556173994,17.2275627191005));
#5005=CARTESIAN_POINT('',(-115.330044683919,46.8923556173994,17.7275627191005));
#5006=CARTESIAN_POINT('Origin',(-115.330044683919,46.8923556173994,17.7275627191005));
#5007=CARTESIAN_POINT('',(-107.241988468735,50.1871817219491,17.7275627191005));
#5008=CARTESIAN_POINT('Origin',(-107.241988468735,50.1871817219491,17.7275627191005));
#5009=CARTESIAN_POINT('Origin',(-144.456275764169,69.007155831768,2.9900430340615));
#5010=CARTESIAN_POINT('',(-145.906275764169,69.007155831768,2.9900430340615));
#5011=CARTESIAN_POINT('Origin',(-64.4562751681227,-40.9928449877958,2.9900430340615));
#5012=CARTESIAN_POINT('',(-65.9062751681227,-40.9928449877958,2.9900430340615));
#5013=CARTESIAN_POINT('Origin',(-64.4562751681227,69.0071566513319,2.9900430340615));
#5014=CARTESIAN_POINT('',(-65.9062751681227,69.0071566513319,2.9900430340615));
#5015=CARTESIAN_POINT('Origin',(-144.456276360216,-40.9928449877958,2.9900430340615));
#5016=CARTESIAN_POINT('',(-145.906276360216,-40.9928449877958,2.9900430340615));
#5017=CARTESIAN_POINT('Origin',(-59.4562757641691,-46.1878441682319,2.9900430340615));
#5018=CARTESIAN_POINT('',(-59.4562757641691,-43.1878441682319,2.9900430340615));
#5019=CARTESIAN_POINT('Origin',(-62.4562757641691,-43.1878441682319,2.9900430340615));
#5020=CARTESIAN_POINT('',(-62.4562757641691,-46.1878441682319,2.9900430340615));
#5021=CARTESIAN_POINT('Origin',(-149.456275764169,-46.1878441682319,2.9900430340615));
#5022=CARTESIAN_POINT('',(-146.456275764169,-46.1878441682319,2.9900430340615));
#5023=CARTESIAN_POINT('Origin',(-146.456275764169,-43.187844168232,2.9900430340615));
#5024=CARTESIAN_POINT('Origin',(-139.456275764169,64.2021558317681,2.9900430340615));
#5025=CARTESIAN_POINT('Origin',(-104.456275764169,14.007155831768,12.6850430340615));
#5026=CARTESIAN_POINT('',(-59.4562757641691,71.202155831768,12.6850430340615));
#5027=CARTESIAN_POINT('',(-59.4562757641691,-43.1878441682319,12.6850430340615));
#5028=CARTESIAN_POINT('',(-59.4562757641691,-16.0903441682319,12.6850430340615));
#5029=CARTESIAN_POINT('',(-62.4562757641691,74.202155831768,12.6850430340615));
#5030=CARTESIAN_POINT('Origin',(-62.4562757641691,71.202155831768,12.6850430340615));
#5031=CARTESIAN_POINT('',(-146.456275764169,74.2021558317681,12.6850430340615));
#5032=CARTESIAN_POINT('',(-81.9562757641691,74.202155831768,12.6850430340615));
#5033=CARTESIAN_POINT('',(-149.456275764169,71.202155831768,12.6850430340615));
#5034=CARTESIAN_POINT('Origin',(-146.456275764169,71.202155831768,12.6850430340615));
#5035=CARTESIAN_POINT('',(-149.456275764169,-43.187844168232,12.6850430340615));
#5036=CARTESIAN_POINT('',(-149.456275764169,44.104655831768,12.6850430340615));
#5037=CARTESIAN_POINT('',(-146.456275764169,-46.1878441682319,12.6850430340615));
#5038=CARTESIAN_POINT('Origin',(-146.456275764169,-43.187844168232,12.6850430340615));
#5039=CARTESIAN_POINT('',(-62.4562757641691,-46.1878441682319,12.6850430340615));
#5040=CARTESIAN_POINT('',(-126.956275764169,-46.1878441682319,12.6850430340615));
#5041=CARTESIAN_POINT('Origin',(-62.4562757641691,-43.1878441682319,12.6850430340615));
#5042=CARTESIAN_POINT('',(-145.906275764169,69.007155831768,12.6850430340615));
#5043=CARTESIAN_POINT('Origin',(-144.456275764169,69.007155831768,12.6850430340615));
#5044=CARTESIAN_POINT('',(-65.9062751681227,-40.9928449877958,12.6850430340615));
#5045=CARTESIAN_POINT('Origin',(-64.4562751681227,-40.9928449877958,12.6850430340615));
#5046=CARTESIAN_POINT('',(-65.9062751681227,69.0071566513319,12.6850430340615));
#5047=CARTESIAN_POINT('Origin',(-64.4562751681227,69.0071566513319,12.6850430340615));
#5048=CARTESIAN_POINT('',(-145.906276360216,-40.9928449877958,12.6850430340615));
#5049=CARTESIAN_POINT('Origin',(-144.456276360216,-40.9928449877958,12.6850430340615));
#5050=CARTESIAN_POINT('',(-69.4562757641691,64.202155831768,12.6850430340615));
#5051=CARTESIAN_POINT('',(-139.456275764169,64.2021558317681,12.6850430340615));
#5052=CARTESIAN_POINT('',(-121.956275764169,64.2021558317681,12.6850430340615));
#5053=CARTESIAN_POINT('',(-69.4562757641691,-33.0338441682319,12.6850430340615));
#5054=CARTESIAN_POINT('',(-69.4562757641691,64.202155831768,12.6850430340615));
#5055=CARTESIAN_POINT('',(-139.456275764169,-33.0338441682319,12.6850430340615));
#5056=CARTESIAN_POINT('',(-86.9562757641691,-33.0338441682319,12.6850430340615));
#5057=CARTESIAN_POINT('',(-139.456275764169,-11.0903441682319,12.6850430340615));
#5058=CARTESIAN_POINT('Origin',(-139.456275764169,-36.1878441682319,2.9900430340615));
#5059=CARTESIAN_POINT('',(-139.456275764169,-33.0338441682319,5.9900430340615));
#5060=CARTESIAN_POINT('',(-139.456275764169,-33.0338441682319,2.9900430340615));
#5061=CARTESIAN_POINT('',(-139.456275764169,64.2021558317681,5.9900430340615));
#5062=CARTESIAN_POINT('',(-139.456275764169,-11.0903441682319,5.9900430340615));
#5063=CARTESIAN_POINT('',(-139.456275764169,64.2021558317681,2.9900430340615));
#5064=CARTESIAN_POINT('Origin',(-69.4562757641691,-33.0338441682319,2.9900430340615));
#5065=CARTESIAN_POINT('',(-69.4562757641691,-33.0338441682319,5.9900430340615));
#5066=CARTESIAN_POINT('',(-69.4562757641691,-33.0338441682319,2.9900430340615));
#5067=CARTESIAN_POINT('',(-86.9562757641691,-33.0338441682319,5.9900430340615));
#5068=CARTESIAN_POINT('Origin',(-149.456275764169,74.2021558317681,2.9900430340615));
#5069=CARTESIAN_POINT('',(-149.456275764169,71.202155831768,2.9900430340615));
#5070=CARTESIAN_POINT('',(-149.456275764169,71.202155831768,2.9900430340615));
#5071=CARTESIAN_POINT('',(-149.456275764169,-43.187844168232,2.9900430340615));
#5072=CARTESIAN_POINT('',(-149.456275764169,-46.1878441682319,2.9900430340615));
#5073=CARTESIAN_POINT('',(-149.456275764169,-43.187844168232,2.9900430340615));
#5074=CARTESIAN_POINT('Origin',(-146.456275764169,71.202155831768,2.9900430340615));
#5075=CARTESIAN_POINT('',(-146.456275764169,74.2021558317681,2.9900430340615));
#5076=CARTESIAN_POINT('',(-146.456275764169,74.2021558317681,2.9900430340615));
#5077=CARTESIAN_POINT('Origin',(-146.456275764169,71.202155831768,2.9900430340615));
#5078=CARTESIAN_POINT('Origin',(-59.4562757641691,74.202155831768,2.9900430340615));
#5079=CARTESIAN_POINT('',(-62.4562757641691,74.202155831768,2.9900430340615));
#5080=CARTESIAN_POINT('',(-62.4562757641691,74.202155831768,2.9900430340615));
#5081=CARTESIAN_POINT('',(-149.456275764169,74.2021558317681,2.9900430340615));
#5082=CARTESIAN_POINT('',(-131.507411009164,74.2021558317681,12.6848411190229));
#5083=CARTESIAN_POINT('',(-131.507411009164,74.2021558317681,4.00000005960464));
#5084=CARTESIAN_POINT('',(-131.507411009164,74.2021558317681,7.83744207654221));
#5085=CARTESIAN_POINT('',(-100.405113883133,74.2021558317681,4.00000005960464));
#5086=CARTESIAN_POINT('',(-95.4818433866667,74.202155831768,4.00000005960464));
#5087=CARTESIAN_POINT('',(-100.405113883133,74.2021558317681,12.6848411190229));
#5088=CARTESIAN_POINT('',(-100.405113883133,74.202155831768,3.49502154683307));
#5089=CARTESIAN_POINT('',(-79.9306948236512,74.202155831768,12.6848411190229));
#5090=CARTESIAN_POINT('Origin',(-62.4562757641691,71.202155831768,2.9900430340615));
#5091=CARTESIAN_POINT('',(-59.4562757641691,71.202155831768,2.9900430340615));
#5092=CARTESIAN_POINT('',(-59.4562757641691,71.202155831768,2.9900430340615));
#5093=CARTESIAN_POINT('Origin',(-62.4562757641691,71.202155831768,2.9900430340615));
#5094=CARTESIAN_POINT('Origin',(-69.4562757641691,64.202155831768,2.9900430340615));
#5095=CARTESIAN_POINT('',(-69.4562757641691,64.202155831768,5.9900430340615));
#5096=CARTESIAN_POINT('',(-69.4562757641691,64.202155831768,13.9900430340615));
#5097=CARTESIAN_POINT('',(-69.4562757641691,39.104655831768,5.9900430340615));
#5098=CARTESIAN_POINT('Origin',(-139.456275764169,64.2021558317681,2.9900430340615));
#5099=CARTESIAN_POINT('',(-131.507411009164,64.2021558317681,5.9900430340615));
#5100=CARTESIAN_POINT('',(-121.956275764169,64.2021558317681,5.9900430340615));
#5101=CARTESIAN_POINT('',(-131.507411009164,64.2021558317681,12.6848411190229));
#5102=CARTESIAN_POINT('',(-131.507411009164,64.2021558317681,7.83744207654221));
#5103=CARTESIAN_POINT('',(-100.405113883133,64.2021558317681,12.6848411190229));
#5104=CARTESIAN_POINT('',(-119.930694823651,64.2021558317681,12.6848411190229));
#5105=CARTESIAN_POINT('',(-100.405113883133,64.2021558317681,5.9900430340615));
#5106=CARTESIAN_POINT('',(-100.405113883133,64.2021558317681,3.49502154683307));
#5107=CARTESIAN_POINT('',(-121.956275764169,64.2021558317681,5.9900430340615));
#5108=CARTESIAN_POINT('Origin',(-59.4562757641691,-46.1878441682319,2.9900430340615));
#5109=CARTESIAN_POINT('',(-59.4562757641691,-43.1878441682319,2.9900430340615));
#5110=CARTESIAN_POINT('',(-59.4562757641691,-43.1878441682319,2.9900430340615));
#5111=CARTESIAN_POINT('',(-59.4562757641691,74.202155831768,2.9900430340615));
#5112=CARTESIAN_POINT('Origin',(-62.4562757641691,-43.1878441682319,2.9900430340615));
#5113=CARTESIAN_POINT('',(-62.4562757641691,-46.1878441682319,2.9900430340615));
#5114=CARTESIAN_POINT('',(-62.4562757641691,-46.1878441682319,2.9900430340615));
#5115=CARTESIAN_POINT('Origin',(-62.4562757641691,-43.1878441682319,2.9900430340615));
#5116=CARTESIAN_POINT('Origin',(-149.456275764169,-46.1878441682319,2.9900430340615));
#5117=CARTESIAN_POINT('',(-146.456275764169,-46.1878441682319,2.9900430340615));
#5118=CARTESIAN_POINT('',(-146.456275764169,-46.1878441682319,2.9900430340615));
#5119=CARTESIAN_POINT('',(-59.4562757641691,-46.1878441682319,2.9900430340615));
#5120=CARTESIAN_POINT('Origin',(-146.456275764169,-43.187844168232,2.9900430340615));
#5121=CARTESIAN_POINT('Origin',(-146.456275764169,-43.187844168232,2.9900430340615));
#5122=CARTESIAN_POINT('Origin',(-104.456275764169,14.0071558317681,2.9900430340615));
#5123=CARTESIAN_POINT('',(-145.906275764169,69.007155831768,2.9900430340615));
#5124=CARTESIAN_POINT('Origin',(-144.456275764169,69.007155831768,2.9900430340615));
#5125=CARTESIAN_POINT('',(-65.9062751681227,-40.9928449877958,2.9900430340615));
#5126=CARTESIAN_POINT('Origin',(-64.4562751681227,-40.9928449877958,2.9900430340615));
#5127=CARTESIAN_POINT('',(-65.9062751681227,69.0071566513319,2.9900430340615));
#5128=CARTESIAN_POINT('Origin',(-64.4562751681227,69.0071566513319,2.9900430340615));
#5129=CARTESIAN_POINT('',(-145.906276360216,-40.9928449877958,2.9900430340615));
#5130=CARTESIAN_POINT('Origin',(-144.456276360216,-40.9928449877958,2.9900430340615));
#5131=CARTESIAN_POINT('Origin',(-131.507411009164,74.2021558317681,4.00000005960464));
#5132=CARTESIAN_POINT('',(-131.507411009164,47.2021558317681,4.00000005960464));
#5133=CARTESIAN_POINT('',(-131.507411009164,74.2021558317681,4.00000005960464));
#5134=CARTESIAN_POINT('',(-100.405113883133,47.2021558317681,4.00000005960464));
#5135=CARTESIAN_POINT('',(-131.507411009164,47.2021558317681,4.00000005960464));
#5136=CARTESIAN_POINT('',(-100.405113883133,74.2021558317681,4.00000005960464));
#5137=CARTESIAN_POINT('Origin',(-100.405113883133,74.2021558317681,4.00000005960464));
#5138=CARTESIAN_POINT('',(-100.405113883133,47.2021558317681,5.9900430340615));
#5139=CARTESIAN_POINT('',(-100.405113883133,44.104655831768,5.9900430340615));
#5140=CARTESIAN_POINT('',(-100.405113883133,74.2021558317681,12.6848411190229));
#5141=CARTESIAN_POINT('',(-100.405113883133,47.2021558317681,4.00000005960464));
#5142=CARTESIAN_POINT('Origin',(-100.405113883133,74.2021558317681,12.6848411190229));
#5143=CARTESIAN_POINT('',(-131.507411009164,74.2021558317681,12.6848411190229));
#5144=CARTESIAN_POINT('Origin',(-131.507411009164,74.2021558317681,12.6848411190229));
#5145=CARTESIAN_POINT('',(-131.507411009164,47.2021558317681,5.9900430340615));
#5146=CARTESIAN_POINT('',(-131.507411009164,44.104655831768,5.9900430340615));
#5147=CARTESIAN_POINT('',(-131.507411009164,47.2021558317681,12.6848411190229));
#5148=CARTESIAN_POINT('Origin',(-115.956262446149,47.2021558317681,8.34242058931379));
#5149=CARTESIAN_POINT('',(-110.206269105159,47.2021558317681,5.9900430340615));
#5150=CARTESIAN_POINT('Origin',(-104.456275764169,14.0071558317681,5.9900430340615));
#5151=CARTESIAN_POINT('Origin',(-144.456276360216,-40.9928449877958,2.9900430340615));
#5152=CARTESIAN_POINT('',(-145.906276360216,-40.9928449877958,2.9900430340615));
#5153=CARTESIAN_POINT('Origin',(-64.4562751681227,69.0071566513319,2.9900430340615));
#5154=CARTESIAN_POINT('',(-65.9062751681227,69.0071566513319,2.9900430340615));
#5155=CARTESIAN_POINT('Origin',(-64.4562751681227,-40.9928449877958,2.9900430340615));
#5156=CARTESIAN_POINT('',(-65.9062751681227,-40.9928449877958,2.9900430340615));
#5157=CARTESIAN_POINT('Origin',(-144.456275764169,69.007155831768,2.9900430340615));
#5158=CARTESIAN_POINT('',(-145.906275764169,69.007155831768,2.9900430340615));
#5159=UNCERTAINTY_MEASURE_WITH_UNIT(LENGTH_MEASURE(0.01),#5163,
'DISTANCE_ACCURACY_VALUE',
'Maximum model space distance between geometric entities at asserted c
onnectivities');
#5160=UNCERTAINTY_MEASURE_WITH_UNIT(LENGTH_MEASURE(0.01),#5163,
'DISTANCE_ACCURACY_VALUE',
'Maximum model space distance between geometric entities at asserted c
onnectivities');
#5161=(
GEOMETRIC_REPRESENTATION_CONTEXT(3)
GLOBAL_UNCERTAINTY_ASSIGNED_CONTEXT((#5159))
GLOBAL_UNIT_ASSIGNED_CONTEXT((#5163,#5164,#5165))
REPRESENTATION_CONTEXT('','3D')
);
#5162=(
GEOMETRIC_REPRESENTATION_CONTEXT(3)
GLOBAL_UNCERTAINTY_ASSIGNED_CONTEXT((#5160))
GLOBAL_UNIT_ASSIGNED_CONTEXT((#5163,#5164,#5165))
REPRESENTATION_CONTEXT('','3D')
);
#5163=(
LENGTH_UNIT()
NAMED_UNIT(*)
SI_UNIT(.MILLI.,.METRE.)
);
#5164=(
NAMED_UNIT(*)
PLANE_ANGLE_UNIT()
SI_UNIT($,.RADIAN.)
);
#5165=(
NAMED_UNIT(*)
SI_UNIT($,.STERADIAN.)
SOLID_ANGLE_UNIT()
);
#5166=SHAPE_DEFINITION_REPRESENTATION(#5167,#5168);
#5167=PRODUCT_DEFINITION_SHAPE('',$,#5170);
#5168=SHAPE_REPRESENTATION('',(#3071),#5161);
#5169=PRODUCT_DEFINITION_CONTEXT('part definition',#5174,'design');
#5170=PRODUCT_DEFINITION('2026-07-02-13-11-27-276','Case v3',#5171,#5169);
#5171=PRODUCT_DEFINITION_FORMATION('',$,#5176);
#5172=PRODUCT_RELATED_PRODUCT_CATEGORY('Case v3','Case v3',(#5176));
#5173=APPLICATION_PROTOCOL_DEFINITION('international standard',
'automotive_design',2009,#5174);
#5174=APPLICATION_CONTEXT(
'Core Data for Automotive Mechanical Design Process');
#5175=PRODUCT_CONTEXT('part definition',#5174,'mechanical');
#5176=PRODUCT('2026-07-02-13-11-27-276','Case v3',$,(#5175));
#5177=PRESENTATION_STYLE_ASSIGNMENT((#5178));
#5178=SURFACE_STYLE_USAGE(.BOTH.,#5179);
#5179=SURFACE_SIDE_STYLE('',(#5180));
#5180=SURFACE_STYLE_FILL_AREA(#5181);
#5181=FILL_AREA_STYLE('Steel - Satin',(#5182));
#5182=FILL_AREA_STYLE_COLOUR('Steel - Satin',#5183);
#5183=COLOUR_RGB('Steel - Satin',0.627450980392157,0.627450980392157,0.627450980392157);
ENDSEC;
END-ISO-10303-21;
